timestamp,open,high,low,close,volume
1782780600000,59828.40,59920.80,59739.60,59839.80,748.869
1782780900000,59839.80,59853.70,59795.60,59806.10,280.897
1782781200000,59806.10,59841.00,59753.10,59829.90,451.873
1782781500000,59829.80,59831.10,59740.00,59763.60,404.649
1782781800000,59763.60,59827.20,59756.90,59797.80,325.429
1782782100000,59797.80,59969.60,59779.20,59945.10,545.026
1782782400000,59945.20,59963.30,59887.00,59909.90,308.357
1782782700000,59910.00,60023.90,59900.00,60010.20,502.211
1782783000000,60010.20,60024.90,59957.30,59963.50,322.600
1782783300000,59963.60,59979.60,59795.10,59843.00,774.522
1782783600000,59843.10,59850.00,59759.80,59804.00,440.829
1782783900000,59804.00,59890.00,59801.20,59890.00,251.554
1782784200000,59890.00,59895.00,59856.00,59884.20,171.333
1782784500000,59884.30,59922.20,59879.50,59919.60,183.923
1782784800000,59919.60,59928.00,59843.10,59849.40,230.927
1782785100000,59849.40,59892.10,59847.00,59888.50,180.137
1782785400000,59888.40,59888.40,59740.10,59761.20,509.273
1782785700000,59761.30,59787.40,59719.60,59787.30,448.275
1782786000000,59787.40,59895.00,59787.30,59895.00,242.516
1782786300000,59895.00,59968.00,59894.90,59947.20,204.896
1782786600000,59947.30,59949.00,59892.00,59945.10,233.471
1782786900000,59945.00,60001.00,59935.20,59987.90,308.506
1782787200000,59987.90,60004.30,59983.50,59985.60,241.232
1782787500000,59985.50,60020.00,59985.20,60017.50,244.752
1782787800000,60017.50,60021.40,59995.40,60005.50,242.068
1782788100000,60005.40,60005.50,59907.40,59920.40,384.157
1782788400000,59920.40,59959.70,59912.70,59918.60,313.964
1782788700000,59918.70,59950.00,59832.10,59885.50,385.358
1782789000000,59885.60,59921.50,59864.90,59877.80,210.085
1782789300000,59877.80,60007.90,59866.20,59988.80,346.756
1782789600000,59988.90,60002.30,59802.10,59802.30,247.622
1782789900000,59802.30,59855.40,59791.30,59832.90,241.055
1782790200000,59832.80,59832.90,59723.10,59741.80,844.681
1782790500000,59741.90,59770.10,59724.90,59741.80,362.242
1782790800000,59741.80,59749.30,59713.80,59714.00,231.933
1782791100000,59714.00,59714.00,59579.10,59653.80,1675.734
1782791400000,59653.80,59674.30,59582.70,59600.80,325.707
1782791700000,59600.80,59625.20,59570.00,59596.10,385.366
1782792000000,59596.10,59601.40,59522.00,59533.00,834.639
1782792300000,59532.90,59550.40,59420.00,59443.30,1199.048
1782792600000,59443.30,59558.00,59400.00,59529.60,1072.911
1782792900000,59529.60,59533.60,59433.90,59441.60,556.336
1782793200000,59441.60,59500.00,59410.00,59446.90,506.384
1782793500000,59446.90,59554.50,59446.90,59521.60,585.236
1782793800000,59521.50,59641.30,59520.00,59641.30,775.724
1782794100000,59641.30,59672.10,59575.00,59575.00,480.845
1782794400000,59575.00,59591.60,59509.90,59580.20,607.710
1782794700000,59580.20,59580.20,59500.20,59520.00,562.905
1782795000000,59519.90,59529.60,59431.00,59449.90,571.354
1782795300000,59449.90,59483.30,59418.30,59458.30,313.444
1782795600000,59458.30,59511.10,59436.50,59487.20,576.589
1782795900000,59487.20,59491.80,59412.10,59435.30,377.516
1782796200000,59435.30,59435.30,59329.20,59410.70,1295.602
1782796500000,59410.80,59412.50,59351.00,59370.50,302.775
1782796800000,59370.50,59470.30,59370.40,59464.90,485.346
1782797100000,59465.00,59469.00,59343.00,59356.40,365.491
1782797400000,59356.40,59382.30,59336.00,59361.70,629.463
1782797700000,59361.70,59415.60,59330.00,59406.20,529.575
1782798000000,59406.20,59550.70,59391.10,59541.20,1297.566
1782798300000,59541.20,59596.20,59523.40,59587.00,496.828
1782798600000,59587.00,59593.30,59530.00,59581.70,328.695
1782798900000,59581.70,59633.50,59576.40,59627.70,573.096
1782799200000,59627.80,59649.70,59530.10,59555.90,427.690
1782799500000,59555.90,59555.90,59514.00,59518.90,147.578
1782799800000,59518.80,59555.00,59508.80,59546.90,159.728
1782800100000,59546.90,59555.30,59508.00,59541.70,157.359
1782800400000,59541.60,59552.50,59488.60,59544.80,631.053
1782800700000,59544.70,59698.90,59503.00,59669.20,804.747
1782801000000,59669.10,59691.60,59542.40,59552.80,430.144
1782801300000,59552.70,59619.50,59520.50,59545.10,260.020
1782801600000,59545.10,59597.90,59531.10,59541.60,224.097
1782801900000,59541.70,59585.30,59524.90,59575.10,146.541
1782802200000,59575.20,59575.20,59529.90,59529.90,136.997
1782802500000,59529.90,59575.20,59529.90,59571.70,210.867
1782802800000,59571.60,59611.70,59556.00,59564.00,243.797
1782803100000,59564.10,59565.70,59435.50,59467.60,349.590
1782803400000,59467.70,59479.10,59423.30,59471.60,266.353
1782803700000,59471.60,59513.40,59456.50,59476.60,234.278
1782804000000,59476.60,59492.10,59442.60,59492.00,126.999
1782804300000,59492.10,59556.80,59430.00,59450.80,493.463
1782804600000,59450.80,59541.90,59450.80,59500.90,234.632
1782804900000,59500.90,59547.00,59441.60,59449.50,439.621
1782805200000,59449.50,59538.90,59449.40,59490.30,586.731
1782805500000,59490.30,59541.10,59476.30,59497.90,241.472
1782805800000,59497.80,59516.90,59440.50,59510.40,368.805
1782806100000,59510.30,59514.10,59484.80,59497.70,238.757
1782806400000,59497.70,59532.70,59480.20,59503.20,318.605
1782806700000,59503.20,59520.40,59450.00,59450.20,221.522
1782807000000,59450.10,59500.00,59405.00,59405.00,391.199
1782807300000,59405.00,59405.10,59357.60,59400.80,558.554
1782807600000,59400.70,59411.90,59335.00,59393.50,485.796
1782807900000,59393.50,59419.20,59343.00,59383.90,382.027
1782808200000,59383.90,59420.20,59290.00,59296.50,794.491
1782808500000,59296.50,59307.10,59188.00,59237.30,2466.585
1782808800000,59237.20,59273.40,59212.00,59250.20,845.489
1782809100000,59250.10,59263.90,59159.00,59254.30,942.325
1782809400000,59254.20,59362.70,59211.10,59325.90,870.282
1782809700000,59326.00,59331.30,59239.10,59285.80,586.457
1782810000000,59285.80,59379.00,59276.00,59377.60,676.088
1782810300000,59377.60,59377.60,59276.00,59278.60,329.995
1782810600000,59278.60,59341.50,59256.50,59323.30,337.969
1782810900000,59323.30,59349.90,59264.60,59330.80,293.092
1782811200000,59330.70,59330.80,59236.60,59307.60,644.825
1782811500000,59307.60,59324.30,59274.90,59275.30,161.662
1782811800000,59275.30,59289.10,59225.00,59258.80,269.856
1782812100000,59258.90,59318.00,59250.10,59309.40,250.611
1782812400000,59309.30,59370.10,59309.30,59331.40,649.323
1782812700000,59331.50,59363.20,59331.40,59363.20,162.372
1782813000000,59363.10,59397.00,59350.40,59350.50,239.187
1782813300000,59350.50,59360.10,59340.60,59348.70,152.983
1782813600000,59348.70,59379.20,59340.60,59340.70,186.065
1782813900000,59340.60,59403.00,59309.50,59337.70,414.992
1782814200000,59337.70,59355.40,59285.70,59342.40,180.019
1782814500000,59342.40,59400.00,59342.00,59354.70,188.340
1782814800000,59354.70,59368.30,59308.60,59325.40,172.045
1782815100000,59325.50,59359.50,59325.50,59344.40,79.375
1782815400000,59344.30,59347.70,59313.30,59332.10,151.014
1782815700000,59332.10,59332.10,59264.50,59278.30,263.247
1782816000000,59278.40,59316.80,59278.40,59308.80,150.671
1782816300000,59308.90,59345.20,59284.20,59300.10,149.238
1782816600000,59300.10,59324.90,59265.00,59320.80,157.323
1782816900000,59320.80,59378.80,59299.30,59303.60,288.571
1782817200000,59303.70,59372.40,59294.50,59367.50,235.727
1782817500000,59367.50,59399.30,59344.70,59373.30,183.124
1782817800000,59373.20,59379.90,59355.40,59357.80,150.016
1782818100000,59357.90,59367.70,59276.30,59293.40,286.430
1782818400000,59293.30,59316.50,59225.00,59227.80,348.577
1782818700000,59227.80,59235.50,59161.70,59191.10,718.629
1782819000000,59191.20,59247.70,59100.00,59110.50,1298.686
1782819300000,59110.50,59209.90,59110.50,59165.10,922.947
1782819600000,59165.00,59245.00,59157.40,59218.60,400.355
1782819900000,59218.60,59291.00,59218.50,59259.50,466.600
1782820200000,59259.50,59316.30,59171.50,59196.40,523.489
1782820500000,59196.30,59196.40,59130.00,59162.30,679.738
1782820800000,59162.20,59162.30,59027.40,59037.70,1467.192
1782821100000,59037.60,59060.50,58955.60,59020.10,2077.779
1782821400000,59020.20,59081.30,58980.10,58987.80,684.094
1782821700000,58987.70,59046.30,58983.50,59003.50,750.954
1782822000000,59003.60,59009.80,58822.00,58827.60,3034.547
1782822300000,58827.60,58899.70,58724.50,58832.80,3472.714
1782822600000,58832.90,58861.70,58745.00,58763.20,1089.267
1782822900000,58763.10,58842.50,58759.80,58834.80,624.766
1782823200000,58834.80,58850.00,58787.30,58813.20,509.385
1782823500000,58813.30,58828.80,58650.00,58654.30,1982.285
1782823800000,58654.30,58667.00,58568.80,58637.00,2537.990
1782824100000,58637.10,58677.40,58351.00,58374.80,7012.067
1782824400000,58374.80,58519.90,58285.00,58440.10,3943.095
1782824700000,58440.00,58621.20,58435.20,58585.60,2884.770
1782825000000,58586.00,58600.00,58385.60,58430.30,2413.294
1782825300000,58430.30,58553.00,58426.50,58508.00,908.953
1782825600000,58508.10,58570.10,58401.50,58423.20,1122.926
1782825900000,58423.30,58492.80,58423.30,58484.90,465.500
1782826200000,58484.90,58732.00,58200.00,58350.50,5680.993
1782826500000,58350.50,58406.10,58210.20,58329.40,1977.514
1782826800000,58329.40,58558.20,58322.30,58535.10,1883.647
1782827100000,58535.00,58584.70,58431.40,58480.10,1286.213
1782827400000,58480.00,58791.70,58475.00,58644.70,2314.364
1782827700000,58644.80,58721.80,58565.60,58711.90,1153.290
1782828000000,58711.80,59264.40,58627.60,58993.00,7193.029
1782828300000,58993.00,59037.00,58920.20,58955.30,1317.833
1782828600000,58955.40,59023.00,58818.50,58971.70,1487.938
1782828900000,58971.70,59015.40,58858.00,58937.20,975.912
1782829200000,58937.10,59125.40,58892.90,59017.10,1420.316
1782829500000,59017.10,59080.00,58966.60,59014.20,786.927
1782829800000,59014.10,59079.80,58869.90,58981.60,1756.114
1782830100000,58981.50,58985.90,58550.00,58666.70,2812.977
1782830400000,58666.70,58911.10,58614.90,58894.80,1457.063
1782830700000,58894.80,58894.80,58565.00,58616.00,1040.010
1782831000000,58616.10,58680.30,58462.60,58482.60,1175.812
1782831300000,58482.70,58586.10,58400.10,58458.60,1621.761
1782831600000,58458.70,58579.40,58275.00,58288.00,2141.007
1782831900000,58287.90,58371.00,58171.00,58315.80,2882.236
1782832200000,58315.70,58460.00,58288.00,58419.90,1189.318
1782832500000,58420.00,58449.20,58160.00,58332.10,3764.753
1782832800000,58332.10,58418.30,58284.60,58393.10,987.957
1782833100000,58393.20,58452.40,58335.10,58359.30,1026.631
1782833400000,58359.40,58435.50,58352.40,58401.60,705.557
1782833700000,58401.60,58413.40,58232.00,58305.40,563.274
1782834000000,58305.40,58479.60,58300.00,58415.20,689.011
1782834300000,58415.20,58785.60,58415.20,58541.10,2806.233
1782834600000,58541.20,58589.40,58473.40,58482.00,473.409
1782834900000,58482.00,58567.30,58318.20,58356.20,903.838
1782835200000,58356.20,58458.00,58330.80,58428.90,592.936
1782835500000,58428.80,58617.40,58404.80,58556.70,975.220
1782835800000,58556.50,58589.40,58371.20,58383.20,491.471
1782836100000,58383.20,58453.60,58288.60,58396.10,999.926
1782836400000,58396.10,58405.20,58294.40,58294.40,558.797
1782836700000,58294.40,58300.50,58223.30,58293.70,784.326
1782837000000,58293.70,58388.80,58232.30,58374.10,717.162
1782837300000,58374.20,58460.90,58266.20,58460.80,530.765
1782837600000,58460.70,58460.90,58273.90,58307.10,512.939
1782837900000,58307.20,58414.70,58307.20,58398.50,415.606
1782838200000,58398.40,58531.10,58365.00,58502.20,571.929
1782838500000,58502.10,58555.30,58408.80,58479.30,661.823
1782838800000,58479.20,58550.70,58423.20,58521.20,339.690
1782839100000,58521.30,58604.80,58480.00,58517.40,647.271
1782839400000,58517.40,58517.50,58364.00,58387.90,430.410
1782839700000,58387.90,58462.20,58361.10,58436.50,420.057
1782840000000,58436.50,58464.90,58349.90,58383.10,332.494
1782840300000,58383.10,58416.10,58341.60,58372.40,279.995
1782840600000,58372.50,58439.50,58311.00,58387.70,428.578
1782840900000,58387.80,58433.60,58326.00,58329.10,350.127
1782841200000,58329.10,58399.90,58329.10,58355.50,191.971
1782841500000,58355.50,58355.50,58290.00,58295.90,367.093
1782841800000,58295.90,58383.30,58295.00,58378.20,239.087
1782842100000,58378.20,58410.80,58355.00,58396.70,225.413
1782842400000,58396.80,58463.00,58353.20,58367.80,465.353
1782842700000,58367.80,58456.40,58334.00,58456.10,212.675
1782843000000,58456.20,58476.70,58407.60,58451.80,189.184
1782843300000,58451.80,58675.00,58412.60,58626.30,847.559
1782843600000,58626.40,58626.40,58410.00,58410.10,674.891
1782843900000,58410.00,58519.80,58401.40,58513.30,258.613
1782844200000,58513.30,58536.90,58440.00,58453.80,213.677
1782844500000,58453.80,58475.60,58368.50,58388.90,318.517
1782844800000,58388.90,58437.50,58358.10,58436.40,330.290
1782845100000,58436.40,58600.10,58436.40,58600.10,283.500
1782845400000,58600.00,58652.30,58561.20,58620.60,604.710
1782845700000,58620.60,58667.10,58604.00,58659.80,293.281
1782846000000,58659.90,58722.40,58602.60,58629.10,745.015
1782846300000,58629.10,58680.30,58566.30,58663.30,321.756
1782846600000,58663.30,58663.30,58574.90,58633.00,209.462
1782846900000,58633.00,58650.00,58577.30,58630.90,384.186
1782847200000,58631.00,58632.60,58560.00,58585.50,268.140
1782847500000,58585.50,58649.40,58568.30,58649.40,206.014
1782847800000,58649.30,58760.00,58634.30,58754.20,642.497
1782848100000,58754.10,58797.30,58710.50,58723.20,446.495
1782848400000,58723.20,58746.90,58668.60,58734.20,316.373
1782848700000,58734.20,58819.90,58693.70,58796.20,363.897
1782849000000,58796.10,58796.20,58668.90,58731.10,441.241
1782849300000,58731.10,58808.50,58726.00,58794.40,425.686
1782849600000,58794.00,58810.20,58712.50,58793.50,422.737
1782849900000,58793.50,58818.70,58743.90,58818.70,279.552
1782850200000,58818.70,58850.00,58771.50,58838.40,385.716
1782850500000,58838.30,58839.80,58739.20,58739.20,315.209
1782850800000,58739.30,58743.40,58670.90,58694.60,291.939
1782851100000,58694.70,58735.70,58683.10,58718.90,163.637
1782851400000,58718.90,58718.90,58621.30,58681.50,379.338
1782851700000,58681.50,58697.40,58660.00,58684.90,134.356
1782852000000,58684.80,58718.70,58633.10,58633.10,444.804
1782852300000,58633.20,58770.30,58621.70,58704.40,354.376
1782852600000,58704.30,58714.10,58661.50,58704.60,240.178
1782852900000,58704.50,58750.20,58697.50,58708.00,178.265
1782853200000,58708.00,58744.30,58698.30,58698.30,165.852
1782853500000,58698.40,58723.10,58644.90,58645.10,386.321
1782853800000,58645.10,58645.10,58525.70,58555.80,597.250
1782854100000,58555.70,58614.60,58555.70,58584.10,184.506
1782854400000,58584.10,58584.20,58472.30,58483.40,392.377
1782854700000,58483.40,58585.60,58479.90,58567.80,194.877
1782855000000,58567.70,58611.80,58552.00,58611.70,142.090
1782855300000,58611.70,58636.90,58597.50,58626.60,176.792
1782855600000,58626.60,58636.90,58553.80,58560.30,253.152
1782855900000,58560.30,58590.40,58486.30,58558.10,395.616
1782856200000,58558.00,58617.70,58558.00,58584.20,115.028
1782856500000,58584.20,58627.80,58584.10,58612.10,141.673
1782856800000,58612.30,58715.60,58612.30,58670.60,280.290
1782857100000,58670.60,58717.80,58662.70,58693.40,165.088
1782857400000,58693.40,58718.50,58624.50,58703.80,177.452
1782857700000,58703.80,58780.00,58671.70,58753.20,186.364
1782858000000,58753.20,58753.20,58662.00,58674.20,118.279
1782858300000,58674.20,58674.20,58618.00,58623.60,101.448
1782858600000,58623.70,58623.70,58477.10,58500.00,390.695
1782858900000,58500.10,58570.70,58482.10,58564.00,188.626
1782859200000,58564.10,58584.50,58550.00,58572.70,104.178
1782859500000,58572.80,58600.00,58540.30,58588.10,97.842
1782859800000,58588.10,58594.00,58512.00,58521.10,97.695
1782860100000,58521.10,58595.90,58521.10,58575.80,97.321
1782860400000,58575.70,58599.00,58537.30,58541.90,143.730
1782860700000,58541.90,58620.00,58518.80,58594.50,126.442
1782861000000,58594.40,58596.50,58561.50,58580.00,78.426
1782861300000,58579.90,58629.50,58570.00,58592.60,94.019
1782861600000,58592.60,58617.40,58550.00,58617.40,176.122
1782861900000,58617.40,58627.50,58581.80,58586.00,98.338
1782862200000,58586.00,58616.30,58545.00,58616.30,109.810
1782862500000,58616.20,58616.20,58553.40,58553.50,99.022
1782862800000,58553.50,58584.80,58536.40,58581.80,180.131
1782863100000,58581.80,58625.20,58556.20,58622.20,154.188
1782863400000,58622.30,58636.70,58588.20,58611.00,144.181
1782863700000,58611.00,58634.00,58596.90,58605.40,147.184
1782864000000,58605.40,58700.00,58605.40,58699.90,415.910
1782864300000,58700.00,58720.00,58626.60,58633.10,198.832
1782864600000,58633.10,58692.30,58571.60,58618.10,382.978
1782864900000,58618.10,58653.80,58486.80,58486.80,303.842
1782865200000,58486.90,58528.30,58370.90,58408.10,1228.995
1782865500000,58408.00,58411.80,58270.00,58360.60,1630.507
1782865800000,58360.60,58553.50,58360.60,58475.80,442.278
1782866100000,58475.80,58478.80,58402.00,58407.00,160.664
1782866400000,58407.00,58460.00,58395.40,58454.90,137.923
1782866700000,58454.80,58494.30,58439.50,58469.30,188.499
1782867000000,58469.30,58598.20,58469.30,58516.50,307.827
1782867300000,58516.50,58560.00,58516.50,58548.70,138.474
1782867600000,58548.70,58557.10,58357.10,58360.60,285.965
1782867900000,58360.60,58360.70,58206.00,58266.20,1127.284
1782868200000,58266.20,58274.80,57758.60,58137.20,9100.049
1782868500000,58137.30,58327.70,58000.00,58255.60,2970.322
1782868800000,58255.50,58377.00,58160.00,58195.70,1656.163
1782869100000,58195.80,58374.90,58164.40,58318.20,1264.128
1782869400000,58318.30,58540.90,58300.00,58437.80,2179.901
1782869700000,58437.80,58900.00,58428.60,58733.00,3176.740
1782870000000,58732.90,58981.00,58693.20,58872.00,3567.042
1782870300000,58872.10,58991.60,58727.00,58774.80,2197.052
1782870600000,58774.80,58812.80,58685.40,58812.80,712.293
1782870900000,58812.80,58869.00,58741.60,58741.70,665.895
1782871200000,58741.80,58812.60,58725.00,58750.00,470.917
1782871500000,58750.00,58750.00,58632.40,58680.00,770.867
1782871800000,58680.00,58843.10,58678.00,58774.00,588.786
1782872100000,58774.00,58875.40,58755.00,58817.90,685.942
1782872400000,58817.90,58999.00,58800.00,58900.10,1782.138
1782872700000,58900.10,58982.70,58870.00,58923.70,737.176
1782873000000,58923.70,59050.10,58887.90,58978.80,1660.584
1782873300000,58978.80,59055.00,58969.80,59013.10,1126.679
1782873600000,59013.10,59151.90,58966.40,59111.20,1472.152
1782873900000,59111.30,59152.00,58979.40,59049.30,1853.634
1782874200000,59049.20,59097.00,58991.70,59097.00,452.740
1782874500000,59096.90,59100.00,59060.00,59063.30,415.985
1782874800000,59063.30,59067.50,58983.70,58999.40,402.512
1782875100000,58999.40,59097.10,58999.40,59033.80,600.868
1782875400000,59033.90,59033.90,58965.20,58968.00,640.084
1782875700000,58968.10,58982.00,58874.90,58891.90,733.732
1782876000000,58891.80,58914.00,58861.50,58867.20,495.729
1782876300000,58867.20,58932.60,58862.90,58901.60,1551.798
1782876600000,58901.70,58915.70,58823.90,58885.10,346.125
1782876900000,58885.10,59126.00,58885.10,58980.00,946.359
1782877200000,58980.10,58998.00,58900.90,58915.70,250.861
1782877500000,58915.70,59023.70,58903.40,58964.00,297.689
1782877800000,58963.90,59298.40,58951.80,59253.30,2750.681
1782878100000,59253.40,59287.30,59140.60,59169.60,816.691
1782878400000,59169.70,59171.20,59030.90,59082.90,560.824
1782878700000,59082.90,59124.60,59073.30,59119.40,314.973
1782879000000,59119.40,59136.00,59073.60,59087.70,180.567
1782879300000,59087.70,59184.30,59069.00,59170.10,340.994
1782879600000,59170.00,59232.10,59134.70,59183.40,399.234
1782879900000,59183.30,59250.00,59170.40,59248.30,309.159
1782880200000,59248.30,59270.00,59202.90,59208.90,306.423
1782880500000,59209.00,59272.70,59172.20,59240.50,344.824
1782880800000,59240.50,59349.60,59227.60,59329.40,888.723
1782881100000,59329.30,59444.50,59313.20,59363.10,1203.407
1782881400000,59363.10,59374.90,59270.90,59322.50,422.561
1782881700000,59322.40,59322.50,59285.10,59311.20,694.500
1782882000000,59311.10,59311.10,59253.90,59280.70,401.959
1782882300000,59280.80,59350.00,59238.80,59238.90,385.184
1782882600000,59238.80,59269.80,59214.00,59257.90,326.502
1782882900000,59258.00,59329.80,59257.90,59305.80,273.316
1782883200000,59305.80,59305.80,59153.80,59215.80,438.117
1782883500000,59215.80,59269.30,59085.00,59148.80,1130.263
1782883800000,59148.80,59177.60,59120.00,59172.20,336.788
1782884100000,59172.20,59178.50,59090.90,59145.50,458.080
1782884400000,59145.30,59175.40,59138.30,59163.30,134.968
1782884700000,59163.30,59177.30,59119.40,59125.90,218.695
1782885000000,59125.90,59156.60,59101.60,59115.30,183.908
1782885300000,59115.20,59129.80,59100.40,59122.40,175.311
1782885600000,59122.30,59130.00,58971.00,58979.90,785.983
1782885900000,58979.90,59022.80,58920.40,58920.50,700.012
1782886200000,58920.40,58956.20,58881.00,58920.90,1049.041
1782886500000,58920.90,58943.50,58830.00,58839.70,992.302
1782886800000,58839.80,58852.00,58655.30,58745.90,2081.012
1782887100000,58745.90,58778.30,58716.90,58759.90,859.496
1782887400000,58760.00,58804.80,58620.60,58622.40,1078.251
1782887700000,58622.30,58697.60,58500.10,58605.30,3564.333
1782888000000,58605.30,58670.90,58582.00,58670.90,777.703
1782888300000,58670.80,58670.90,58582.60,58657.70,786.802
1782888600000,58657.70,58752.90,58657.60,58706.80,649.344
1782888900000,58706.90,58752.20,58700.20,58726.80,468.448
1782889200000,58726.70,58765.60,58638.00,58652.50,603.250
1782889500000,58652.60,58663.80,58567.20,58635.50,551.218
1782889800000,58635.50,58660.10,58590.20,58651.90,245.094
1782890100000,58652.00,58703.10,58609.00,58642.00,254.452
1782890400000,58642.00,58783.20,58606.30,58776.20,493.863
1782890700000,58776.30,58797.60,58709.30,58709.30,291.846
1782891000000,58709.30,58718.90,58611.20,58718.80,390.488
1782891300000,58718.80,58728.80,58647.40,58679.00,292.679
1782891600000,58679.00,58712.00,58655.50,58663.10,197.497
1782891900000,58663.10,58745.80,58638.00,58736.40,281.677
1782892200000,58736.60,58778.20,58700.00,58700.00,428.630
1782892500000,58700.10,58749.90,58694.60,58744.40,174.092
1782892800000,58744.40,58750.00,58628.50,58715.20,334.073
1782893100000,58715.20,58789.10,58700.20,58700.20,292.327
1782893400000,58700.20,58720.00,58662.10,58667.60,133.906
1782893700000,58667.60,58698.50,58657.80,58673.30,198.295
1782894000000,58673.40,58673.40,58568.10,58570.80,479.184
1782894300000,58570.70,58650.00,58570.70,58590.30,369.679
1782894600000,58590.30,58633.00,58450.70,58558.50,1004.517
1782894900000,58558.60,58636.90,58522.50,58592.00,840.465
1782895200000,58592.00,58723.00,58578.10,58713.40,406.875
1782895500000,58713.40,58721.10,58651.00,58675.40,217.554
1782895800000,58675.40,58790.70,58669.80,58774.40,479.250
1782896100000,58774.40,58965.00,58768.50,58950.80,1590.130
1782896400000,58950.80,58972.50,58865.90,58912.90,613.805
1782896700000,58912.90,59069.70,58909.60,58983.10,1008.185
1782897000000,58983.00,58999.00,58922.10,58929.90,394.185
1782897300000,58930.00,58976.00,58917.20,58942.50,290.130
1782897600000,58942.50,58945.90,58875.50,58902.30,922.045
1782897900000,58902.30,58902.40,58841.30,58869.40,305.015
1782898200000,58869.30,58920.70,58860.00,58893.50,184.296
1782898500000,58893.60,58895.60,58830.70,58847.60,201.120
1782898800000,58847.60,58869.70,58792.80,58859.60,437.073
1782899100000,58859.70,58926.70,58818.10,58880.00,464.570
1782899400000,58880.00,58932.00,58847.40,58931.90,300.494
1782899700000,58932.00,58950.00,58912.00,58921.40,132.551
1782900000000,58921.40,58923.30,58845.10,58880.30,211.656
1782900300000,58880.30,58884.40,58825.10,58843.60,195.959
1782900600000,58843.60,58843.70,58724.20,58733.70,598.635
1782900900000,58733.70,58750.00,58659.30,58749.90,576.583
1782901200000,58750.00,58768.50,58722.80,58722.90,224.343
1782901500000,58722.80,58724.90,58634.00,58715.40,313.865
1782901800000,58715.50,58730.60,58680.10,58699.60,219.878
1782902100000,58699.70,58709.60,58659.90,58674.60,188.094
1782902400000,58674.50,58700.00,58590.90,58593.60,496.451
1782902700000,58593.60,58666.90,58591.50,58651.50,250.075
1782903000000,58651.40,58685.40,58624.70,58632.50,281.114
1782903300000,58632.60,58662.00,58605.00,58631.60,177.758
1782903600000,58631.60,58660.20,58560.00,58636.90,419.839
1782903900000,58636.80,58683.20,58608.80,58634.90,251.866
1782904200000,58635.00,58719.70,58618.40,58679.90,438.820
1782904500000,58679.90,58733.50,58650.00,58680.10,224.762
1782904800000,58680.10,58693.60,58653.30,58690.50,147.416
1782905100000,58690.50,58723.70,58666.40,58673.60,172.529
1782905400000,58673.70,58717.10,58604.00,58634.80,288.713
1782905700000,58634.90,58712.30,58625.60,58646.00,374.598
1782906000000,58645.90,58657.00,58600.10,58656.90,283.332
1782906300000,58656.90,58678.10,58614.10,58623.50,152.165
1782906600000,58623.50,58633.80,58560.10,58563.70,447.249
1782906900000,58563.60,58604.90,58524.20,58592.90,407.160
1782907200000,58592.80,58655.60,58506.00,58506.00,490.895
1782907500000,58506.00,58529.60,58425.00,58516.40,910.885
1782907800000,58516.40,58586.50,58350.90,58422.90,1559.944
1782908100000,58422.90,58540.70,58422.90,58518.80,835.435
1782908400000,58518.80,58524.90,58437.60,58522.50,393.993
1782908700000,58522.40,58569.30,58481.20,58526.00,239.524
1782909000000,58526.10,58570.20,58391.30,58417.00,466.651
1782909300000,58416.60,58449.60,58376.90,58380.90,677.973
1782909600000,58381.00,58434.30,58344.20,58373.00,620.793
1782909900000,58373.00,58388.00,58294.10,58333.00,669.294
1782910200000,58333.10,58397.70,58314.80,58396.30,762.397
1782910500000,58396.40,58510.40,58396.30,58495.60,1023.285
1782910800000,58495.60,58738.90,58495.50,58595.40,1986.523
1782911100000,58595.40,58664.60,58580.20,58601.90,490.354
1782911400000,58602.00,58680.00,58589.60,58639.20,523.893
1782911700000,58639.20,58729.00,58623.80,58640.20,686.518
1782912000000,58640.20,58879.60,58632.70,58810.40,1708.969
1782912300000,58810.40,58823.80,58721.60,58790.60,613.529
1782912600000,58790.50,58857.70,58571.00,58783.90,2131.127
1782912900000,58784.00,58942.30,58685.50,58831.70,1833.527
1782913200000,58831.80,59051.00,58798.00,58989.10,2811.321
1782913500000,58989.10,59385.90,58906.60,59300.00,4856.277
1782913800000,59300.00,59458.00,59239.20,59390.70,2873.423
1782914100000,59390.70,59486.70,59272.40,59463.10,1967.571
1782914400000,59463.00,59467.20,59239.90,59327.60,2059.614
1782914700000,59327.50,59473.10,59250.20,59466.00,1452.920
1782915000000,59466.00,59966.00,59463.20,59948.60,7602.273
1782915300000,59948.80,60061.60,59851.50,60000.10,4140.280
1782915600000,60000.00,60067.90,59859.90,59899.70,2675.637
1782915900000,59899.70,59944.90,59753.10,59756.40,2589.871
1782916200000,59756.50,59794.20,59510.10,59633.70,2802.746
1782916500000,59633.70,59715.70,59526.00,59713.40,1408.575
1782916800000,59713.30,59740.70,59569.50,59583.00,846.011
1782917100000,59582.90,59674.80,59392.80,59595.30,1943.023
1782917400000,59595.40,59746.10,59555.40,59644.10,1312.458
1782917700000,59644.20,59648.70,59488.20,59523.80,704.204
1782918000000,59523.70,59746.70,59496.90,59741.80,1045.322
1782918300000,59741.80,59971.70,59699.90,59787.60,2287.955
1782918600000,59787.70,59950.00,59766.00,59895.00,1091.158
1782918900000,59895.00,59921.70,59822.20,59874.70,616.266
1782919200000,59875.00,60520.00,59855.00,60395.00,8828.416
1782919500000,60395.00,60450.00,60253.50,60288.40,2135.079
1782919800000,60288.40,60355.90,60174.70,60222.80,1492.030
1782920100000,60222.80,60254.90,60099.10,60144.30,2037.201
1782920400000,60144.30,60231.50,60139.40,60192.90,701.578
1782920700000,60192.90,60223.80,60100.00,60102.80,814.692
1782921000000,60102.80,60136.20,60050.90,60075.20,793.156
1782921300000,60075.20,60160.10,60068.70,60118.50,579.519
1782921600000,60118.60,60156.20,60041.10,60109.40,756.835
1782921900000,60109.30,60207.40,60083.40,60122.80,570.663
1782922200000,60122.80,60139.30,60095.10,60111.40,301.998
1782922500000,60111.40,60143.10,60055.40,60100.00,595.606
1782922800000,60100.00,60100.00,59925.00,59972.60,1516.457
1782923100000,59972.50,60244.00,59966.00,60114.60,984.007
1782923400000,60114.60,60152.90,60056.50,60073.80,367.603
1782923700000,60073.80,60073.90,60000.00,60005.40,464.980
1782924000000,60005.50,60060.10,60000.00,60060.10,382.329
1782924300000,60060.00,60070.00,59951.10,59962.70,400.024
1782924600000,59962.70,59997.10,59877.60,59893.60,686.554
1782924900000,59893.70,59906.10,59836.10,59902.80,685.840
1782925200000,59902.90,59917.00,59766.90,59801.60,823.501
1782925500000,59801.60,59855.50,59762.60,59852.20,615.443
1782925800000,59852.10,59890.00,59796.40,59876.10,404.849
1782926100000,59876.10,60034.40,59876.10,60001.00,1032.891
1782926400000,60000.90,60143.10,59980.80,60135.00,865.200
1782926700000,60135.00,60186.10,60109.70,60126.00,569.944
1782927000000,60126.10,60172.40,60060.70,60127.80,508.958
1782927300000,60127.80,60218.20,60098.00,60172.20,1055.455
1782927600000,60172.30,60205.70,60123.00,60128.30,256.658
1782927900000,60128.40,60184.30,60126.10,60150.10,265.023
1782928200000,60150.00,60213.10,60119.60,60170.40,286.492
1782928500000,60170.30,60200.10,60143.40,60166.50,283.513
1782928800000,60166.50,60198.60,60120.80,60191.90,384.121
1782929100000,60191.80,60191.80,60044.70,60074.80,575.440
1782929400000,60074.90,60098.60,59992.70,60050.30,516.720
1782929700000,60050.30,60169.20,60017.70,60165.20,402.495
1782930000000,60165.30,60165.30,60082.00,60116.30,246.196
1782930300000,60116.20,60130.00,60100.00,60120.00,222.031
1782930600000,60120.00,60169.00,60055.10,60169.00,352.759
1782930900000,60169.00,60219.10,60168.90,60207.90,466.024
1782931200000,60207.90,60210.00,60160.00,60199.80,248.372
1782931500000,60199.80,60220.30,60120.00,60217.40,463.674
1782931800000,60217.30,60278.90,60050.00,60090.00,850.385
1782932100000,60090.00,60155.80,60090.00,60141.50,200.927
1782932400000,60141.50,60276.60,60136.70,60227.00,572.163
1782932700000,60227.00,60264.10,60192.80,60259.20,316.999
1782933000000,60259.20,60264.40,60216.20,60256.70,157.623
1782933300000,60256.70,60332.80,60218.40,60251.50,501.287
1782933600000,60251.50,60251.50,60189.50,60236.10,250.307
1782933900000,60236.10,60236.20,60075.00,60130.40,381.589
1782934200000,60130.30,60255.30,60130.30,60240.10,292.457
1782934500000,60240.10,60240.10,60164.40,60177.10,146.844
1782934800000,60177.10,60192.90,60120.50,60185.90,195.467
1782935100000,60185.90,60185.90,60089.00,60111.70,213.155
1782935400000,60111.70,60164.00,60073.20,60113.80,293.960
1782935700000,60113.70,60113.70,59952.30,60000.00,1879.212
1782936000000,60000.00,60030.10,59890.30,59890.30,710.880
1782936300000,59890.40,60009.70,59875.20,59922.60,708.030
1782936600000,59922.50,60000.00,59895.30,59969.30,330.901
1782936900000,59969.30,59997.00,59844.50,59860.10,530.728
1782937200000,59860.10,59965.90,59856.70,59950.00,275.192
1782937500000,59950.00,59979.50,59934.70,59948.10,168.026
1782937800000,59948.10,60039.00,59930.00,59983.80,301.021
1782938100000,59983.80,60000.00,59931.50,60000.00,160.813
1782938400000,60000.00,60049.10,59984.30,60010.50,196.491
1782938700000,60010.50,60170.30,60003.50,60139.00,434.868
1782939000000,60139.00,60139.00,60080.00,60093.50,207.592
1782939300000,60093.50,60108.40,60085.20,60100.30,182.044
1782939600000,60100.30,60163.60,60092.70,60163.60,209.249
1782939900000,60163.70,60272.50,60163.60,60222.60,887.267
1782940200000,60222.50,60443.70,60210.40,60427.10,2270.333
1782940500000,60427.10,60499.00,60304.10,60490.00,1074.612
1782940800000,60490.00,60500.00,60361.00,60381.10,1049.212
1782941100000,60381.10,60595.00,60350.70,60504.50,2043.213
1782941400000,60504.50,60700.00,60504.40,60690.10,2499.808
1782941700000,60690.00,60827.80,60655.20,60689.90,1577.561
1782942000000,60690.00,60800.00,60626.10,60788.80,1332.505
1782942300000,60788.70,60800.00,60749.60,60800.00,1117.036
1782942600000,60799.90,60800.00,60757.80,60757.80,1147.438
1782942900000,60757.80,60800.00,60755.30,60799.90,891.526
1782943200000,60799.90,60800.00,60766.60,60799.90,1108.222
1782943500000,60799.90,60800.00,60783.50,60799.90,747.406
1782943800000,60799.90,60800.00,60796.50,60799.90,360.982
1782944100000,60799.90,60800.00,60785.00,60799.90,1170.010
1782944400000,60800.00,61322.00,60799.90,60946.90,11954.042
1782944700000,60947.00,60998.30,60512.20,60521.60,3633.613
1782945000000,60521.60,60655.90,60425.30,60476.90,1743.732
1782945300000,60476.90,60527.20,60429.70,60487.50,677.178
1782945600000,60487.40,60539.00,60422.80,60469.00,827.328
1782945900000,60468.90,60484.80,60382.00,60425.20,570.603
1782946200000,60425.20,60440.80,60319.30,60424.20,602.506
1782946500000,60424.20,60483.60,60390.00,60446.30,396.653
1782946800000,60446.30,60446.30,60265.00,60290.80,754.270
1782947100000,60290.80,60332.60,60282.50,60317.80,329.674
1782947400000,60317.80,60331.30,60202.60,60217.20,590.861
1782947700000,60217.10,60345.20,60210.10,60303.00,470.431
1782948000000,60303.00,60312.00,60170.00,60182.30,610.744
1782948300000,60182.40,60232.20,60168.80,60182.80,604.248
1782948600000,60182.80,60237.20,60172.70,60183.10,530.132
1782948900000,60183.00,60191.10,60015.80,60117.70,1727.424
1782949200000,60117.70,60174.80,60069.50,60120.50,621.751
1782949500000,60120.60,60137.60,59970.80,60005.90,895.584
1782949800000,60005.90,60048.20,59949.20,60045.20,688.139
1782950100000,60045.20,60069.20,59988.10,59999.60,451.818
1782950400000,59999.60,60005.70,59867.20,59880.00,1412.458
1782950700000,59880.10,59968.10,59872.50,59924.40,688.850
1782951000000,59924.40,59966.70,59902.20,59914.60,627.529
1782951300000,59914.60,59943.00,59719.40,59736.00,1622.291
1782951600000,59736.10,59849.90,59708.20,59822.70,734.194
1782951900000,59822.60,59826.30,59739.90,59752.60,443.254
1782952200000,59752.50,59763.60,59650.00,59656.00,888.659
1782952500000,59656.10,59707.20,59601.00,59607.40,996.896
1782952800000,59607.40,59620.00,59555.00,59593.80,937.163
1782953100000,59593.80,59752.00,59593.80,59751.50,1280.004
1782953400000,59751.40,59827.40,59708.00,59709.70,883.316
1782953700000,59709.80,59730.20,59660.00,59719.70,494.714
1782954000000,59719.70,59770.60,59688.90,59718.00,664.017
1782954300000,59717.90,59811.30,59688.90,59799.70,434.641
1782954600000,59799.60,59910.00,59744.20,59895.20,996.656
1782954900000,59895.20,59958.00,59807.70,59945.90,983.571
1782955200000,59945.90,59979.00,59845.70,59950.10,677.407
1782955500000,59950.00,59994.20,59925.10,59993.00,659.163
1782955800000,59992.90,60170.80,59992.90,60118.60,1332.826
1782956100000,60118.50,60183.20,60088.00,60180.00,668.158
1782956400000,60180.00,60298.00,60140.30,60167.20,885.468
1782956700000,60167.20,60290.60,60146.00,60183.00,540.894
1782957000000,60183.00,60183.00,60056.90,60085.80,736.764
1782957300000,60085.80,60150.00,60076.30,60150.00,299.082
1782957600000,60150.00,60172.00,60092.90,60148.10,368.988
1782957900000,60148.20,60152.50,60050.00,60080.20,376.054
1782958200000,60080.20,60124.90,59978.30,60115.70,534.667
1782958500000,60115.70,60240.00,60115.70,60180.80,456.743
1782958800000,60180.90,60210.00,60106.90,60153.10,272.161
1782959100000,60153.00,60195.40,60140.60,60180.00,211.886
1782959400000,60180.10,60259.40,60149.90,60259.40,388.040
1782959700000,60259.30,60387.90,60245.00,60341.80,919.062
1782960000000,60341.80,60381.60,60330.00,60379.40,389.338
1782960300000,60379.40,60467.20,60350.70,60355.20,901.137
1782960600000,60355.20,60369.80,60302.00,60365.50,257.607
1782960900000,60365.50,60439.00,60359.10,60392.50,343.797
1782961200000,60392.40,60420.80,60358.30,60395.40,271.859
1782961500000,60395.50,60448.00,60381.20,60381.30,291.412
1782961800000,60381.30,60450.00,60375.60,60450.00,173.402
1782962100000,60449.90,60479.90,60326.90,60339.30,575.289
1782962400000,60339.20,60342.40,60259.10,60326.80,679.001
1782962700000,60326.70,60690.90,60322.70,60520.40,2023.327
1782963000000,60520.40,60618.90,60450.40,60596.60,899.519
1782963300000,60596.60,60777.00,60550.00,60774.90,1646.597
1782963600000,60774.80,60785.40,60695.10,60781.30,895.250
1782963900000,60781.30,60838.40,60702.90,60828.70,717.571
1782964200000,60828.70,61066.90,60824.20,60952.90,2622.400
1782964500000,60952.80,61102.50,60944.20,61032.90,1730.726
1782964800000,61032.90,61033.00,60894.20,60978.80,927.222
1782965100000,60978.80,60978.80,60839.40,60869.70,690.102
1782965400000,60869.70,60950.00,60864.40,60916.10,456.014
1782965700000,60916.00,60955.70,60863.30,60870.30,532.124
1782966000000,60870.30,60913.10,60820.10,60834.10,529.935
1782966300000,60834.20,60849.90,60766.00,60830.40,895.299
1782966600000,60830.50,60830.50,60729.10,60733.50,562.556
1782966900000,60733.60,60800.00,60716.20,60792.50,555.262
1782967200000,60792.60,60799.60,60703.10,60749.80,1097.904
1782967500000,60749.80,60767.90,60716.50,60746.30,277.483
1782967800000,60746.40,60861.90,60734.00,60823.00,502.189
1782968100000,60822.90,60832.30,60753.60,60757.70,236.944
1782968400000,60757.70,60757.70,60613.90,60664.30,714.541
1782968700000,60664.30,60843.00,60664.30,60843.00,442.645
1782969000000,60843.00,60843.10,60762.50,60837.90,506.244
1782969300000,60837.80,60837.80,60768.40,60832.90,311.297
1782969600000,60832.80,60852.90,60777.00,60777.00,199.239
1782969900000,60777.10,60779.50,60706.10,60720.70,158.944
1782970200000,60720.70,60762.90,60706.70,60752.40,240.195
1782970500000,60752.50,60850.00,60608.30,60619.90,1773.893
1782970800000,60619.90,60655.80,60564.50,60583.40,1702.126
1782971100000,60583.30,60633.40,60469.90,60504.90,1398.482
1782971400000,60505.00,60552.30,60450.00,60544.60,1042.469
1782971700000,60544.50,60548.70,60475.00,60479.90,552.284
1782972000000,60480.00,60498.90,60404.80,60425.70,596.940
1782972300000,60425.60,60477.40,60400.00,60403.20,432.380
1782972600000,60403.20,60423.30,60380.00,60380.10,507.542
1782972900000,60380.00,60443.40,60370.00,60397.20,553.456
1782973200000,60397.10,60533.00,60397.10,60421.10,967.502
1782973500000,60421.20,60479.60,60418.30,60448.20,364.762
1782973800000,60448.20,60623.50,60445.30,60592.90,828.223
1782974100000,60592.80,60592.90,60510.50,60550.00,375.871
1782974400000,60550.10,60561.40,60505.40,60509.60,787.396
1782974700000,60509.60,60517.00,60280.00,60292.10,1609.034
1782975000000,60292.20,60300.90,60235.00,60295.40,1006.130
1782975300000,60295.40,60298.70,60232.60,60247.60,438.312
1782975600000,60247.60,60267.80,60210.00,60214.90,522.912
1782975900000,60214.80,60258.70,60180.00,60250.00,1004.974
1782976200000,60250.00,60288.00,60185.30,60211.50,506.732
1782976500000,60211.50,60243.90,60166.00,60173.20,509.710
1782976800000,60173.30,60214.20,60140.40,60200.20,626.634
1782977100000,60200.10,60200.10,60138.40,60138.40,346.056
1782977400000,60138.50,60197.80,60090.60,60140.30,916.512
1782977700000,60140.40,60150.00,60094.40,60103.80,1334.533
1782978000000,60103.80,60162.60,60089.90,60111.50,1606.812
1782978300000,60111.40,60188.50,60080.90,60165.60,572.503
1782978600000,60165.70,60209.80,60110.80,60116.20,777.297
1782978900000,60116.30,60147.20,60082.50,60125.80,620.162
1782979200000,60125.80,60197.80,60113.50,60171.10,562.618
1782979500000,60171.20,60344.90,60171.10,60307.40,1119.641
1782979800000,60307.30,60307.40,60226.70,60285.50,561.622
1782980100000,60285.50,60367.60,60285.50,60353.50,464.489
1782980400000,60353.50,60355.80,60309.30,60323.80,382.239
1782980700000,60323.70,60380.00,60317.90,60330.10,320.825
1782981000000,60330.00,60434.20,60306.00,60433.70,488.787
1782981300000,60433.70,60479.10,60403.90,60442.10,626.993
1782981600000,60442.10,60442.20,60381.00,60418.30,333.303
1782981900000,60418.30,60542.20,60381.60,60471.90,915.863
1782982200000,60471.80,60509.90,60466.10,60503.40,239.247
1782982500000,60503.40,60509.90,60468.80,60486.80,182.580
1782982800000,60486.70,60498.00,60415.80,60450.40,260.583
1782983100000,60450.30,60455.00,60342.50,60370.50,558.880
1782983400000,60370.60,60489.90,60363.40,60447.30,416.598
1782983700000,60447.30,60462.40,60402.00,60421.90,244.745
1782984000000,60422.00,60573.50,60422.00,60563.20,813.210
1782984300000,60563.20,60613.90,60503.70,60585.70,698.450
1782984600000,60585.60,60795.40,60585.60,60667.40,1163.077
1782984900000,60667.40,60945.80,60650.00,60910.30,2299.984
1782985200000,60910.30,61224.40,60861.60,61065.60,7499.495
1782985500000,61065.60,61065.70,60842.20,61040.90,3085.816
1782985800000,61040.90,61378.00,61012.90,61289.00,4902.765
1782986100000,61289.00,61447.00,61135.30,61159.60,3663.433
1782986400000,61159.60,61168.50,61071.50,61083.40,985.813
1782986700000,61083.40,61144.20,61032.90,61035.90,645.957
1782987000000,61035.80,61223.30,61019.80,61212.60,1033.978
1782987300000,61212.50,61280.00,61075.00,61138.10,900.107
1782987600000,61138.00,61213.80,61080.10,61190.50,545.694
1782987900000,61190.60,61234.20,61135.80,61199.90,460.376
1782988200000,61200.00,61275.00,61199.90,61255.40,829.038
1782988500000,61255.40,61275.00,61209.60,61267.60,560.841
1782988800000,61267.60,61330.00,61171.80,61181.90,1158.980
1782989100000,61181.90,61266.80,61120.30,61247.30,945.521
1782989400000,61247.30,61311.80,61231.70,61285.90,838.792
1782989700000,61285.90,61285.90,61218.40,61238.50,347.650
1782990000000,61238.40,61255.00,61184.50,61227.80,517.101
1782990300000,61227.90,61324.90,61227.30,61296.60,967.140
1782990600000,61296.60,61343.30,61247.00,61250.20,1628.624
1782990900000,61250.10,61272.50,61227.30,61255.60,928.796
1782991200000,61255.80,61330.00,61225.10,61281.40,1488.586
1782991500000,61281.40,61313.40,61245.30,61261.40,1485.259
1782991800000,61261.40,61331.60,61235.90,61239.50,858.645
1782992100000,61239.50,61320.90,61228.00,61267.40,863.536
1782992400000,61267.40,61306.90,61243.60,61267.20,732.709
1782992700000,61267.20,61289.90,61240.80,61253.10,595.812
1782993000000,61253.20,61265.00,61230.10,61240.30,564.055
1782993300000,61240.30,61367.30,61100.00,61329.10,2050.831
1782993600000,61329.10,61329.10,61265.20,61280.40,1135.707
1782993900000,61280.40,61343.00,61279.00,61291.60,807.937
1782994200000,61291.70,61345.10,61271.90,61332.80,1052.882
1782994500000,61332.80,61392.10,61109.90,61163.70,2173.961
1782994800000,61163.70,61257.40,61146.50,61177.30,600.690
1782995100000,61177.30,61346.00,61169.10,61313.40,757.252
1782995400000,61313.50,61555.00,61160.00,61304.90,6380.329
1782995700000,61305.00,61463.10,61280.90,61389.70,1293.659
1782996000000,61389.60,61389.60,61269.30,61347.20,616.433
1782996300000,61347.30,61497.80,61333.50,61462.90,666.592
1782996600000,61462.80,61591.10,61435.40,61580.50,1699.713
1782996900000,61580.60,61580.60,61465.10,61507.40,886.623
1782997200000,61507.30,61583.70,61472.00,61559.90,786.832
1782997500000,61560.00,61637.90,61532.90,61596.00,1560.835
1782997800000,61596.00,61729.70,61570.00,61653.70,1468.009
1782998100000,61653.60,61793.40,61638.90,61764.30,1787.114
1782998400000,61764.30,61892.00,61721.20,61856.80,2439.164
1782998700000,61856.70,61990.00,61631.20,61668.30,4109.160
1782999000000,61668.30,61990.00,61499.80,61947.30,3589.585
1782999300000,61947.20,62077.30,61820.50,61912.30,3726.725
1782999600000,61912.30,62024.10,61819.60,61949.20,1866.645
1782999900000,61949.20,62018.70,61829.60,61925.80,1470.939
1783000200000,61925.80,61930.60,61777.50,61844.80,1879.304
1783000500000,61844.80,61933.50,61786.80,61913.50,989.868
1783000800000,61913.60,62082.40,61822.20,61859.40,2094.404
1783001100000,61859.50,61976.30,61835.40,61855.10,1047.767
1783001400000,61855.00,62179.90,61821.00,62059.30,2242.576
1783001700000,62059.40,62180.00,61783.00,61835.50,1877.098
1783002000000,61835.70,61838.60,61657.10,61681.90,2162.480
1783002300000,61681.90,61750.00,61555.50,61648.90,1587.480
1783002600000,61649.00,61787.60,61567.20,61583.90,931.626
1783002900000,61583.90,61709.90,61458.80,61557.50,1427.013
1783003200000,61557.50,61577.80,61368.80,61400.10,2262.769
1783003500000,61400.10,61665.30,61400.00,61618.10,1258.376
1783003800000,61618.00,61730.00,61517.00,61528.20,965.337
1783004100000,61528.10,61674.20,61507.60,61669.80,487.302
1783004400000,61669.70,61712.50,61564.20,61577.10,674.027
1783004700000,61577.30,61609.70,61400.00,61515.20,977.447
1783005000000,61515.20,61605.70,61492.50,61558.70,427.722
1783005300000,61558.60,61634.30,61456.70,61478.40,944.468
1783005600000,61478.40,61691.80,61478.30,61676.30,525.014
1783005900000,61676.30,61844.40,61650.40,61684.90,1289.211
1783006200000,61685.00,61751.70,61663.20,61719.10,574.214
1783006500000,61719.10,61799.00,61525.00,61644.10,905.203
1783006800000,61644.00,61724.90,61628.70,61672.10,338.186
1783007100000,61672.10,61720.00,61568.00,61578.10,336.887
1783007400000,61578.10,61592.70,61500.00,61583.50,478.718
1783007700000,61583.40,61608.50,61540.50,61584.00,225.731
1783008000000,61584.00,61643.70,61470.90,61579.90,698.306
1783008300000,61579.90,61636.00,61566.20,61585.30,335.345
1783008600000,61585.40,61722.50,61573.70,61669.00,481.343
1783008900000,61669.00,61669.10,61455.00,61455.00,657.133
1783009200000,61455.10,61479.20,61405.00,61458.30,643.543
1783009500000,61458.30,61496.20,61113.80,61169.40,5710.251
1783009800000,61169.50,61317.20,61169.50,61242.00,1272.388
1783010100000,61242.00,61332.80,61232.40,61325.40,349.069
1783010400000,61325.40,61424.60,61303.40,61404.60,567.670
1783010700000,61404.50,61754.90,61400.10,61742.40,2057.923
1783011000000,61742.30,61742.40,61611.40,61655.60,645.265
1783011300000,61655.60,61659.80,61568.00,61646.80,460.879
1783011600000,61646.80,61669.70,61592.80,61664.80,432.574
1783011900000,61664.80,61788.00,61615.60,61702.10,1073.239
1783012200000,61702.10,61768.80,61660.20,61756.20,390.754
1783012500000,61756.20,61797.90,61717.90,61797.70,507.873
1783012800000,61797.60,61900.00,61784.10,61832.60,1509.559
1783013100000,61832.70,61867.20,61799.90,61841.60,304.832
1783013400000,61841.60,61841.60,61739.40,61739.70,377.121
1783013700000,61739.60,61739.60,61610.00,61687.00,574.625
1783014000000,61687.00,61802.90,61678.30,61753.50,365.436
1783014300000,61753.60,61780.00,61615.60,61643.90,336.107
1783014600000,61644.00,61718.00,61621.10,61695.50,161.285
1783014900000,61695.40,61695.40,61627.40,61643.00,105.747
1783015200000,61643.00,61719.60,61633.70,61715.20,271.901
1783015500000,61715.20,61806.90,61698.20,61800.00,263.058
1783015800000,61800.00,61839.00,61750.90,61801.10,339.850
1783016100000,61801.00,61801.10,61702.90,61766.90,316.147
1783016400000,61767.00,61796.70,61758.70,61772.90,145.123
1783016700000,61772.90,61844.00,61746.90,61834.60,216.657
1783017000000,61834.50,61835.20,61752.10,61784.40,279.383
1783017300000,61784.40,61784.40,61743.40,61770.00,123.913
1783017600000,61769.90,61776.00,61733.60,61740.90,115.107
1783017900000,61740.90,61847.20,61721.20,61805.80,476.586
1783018200000,61805.80,61805.80,61750.70,61761.50,170.310
1783018500000,61761.60,61763.60,61665.60,61733.50,357.767
1783018800000,61733.50,61739.70,61665.40,61667.00,130.518
1783019100000,61667.00,61686.60,61613.70,61620.80,290.863
1783019400000,61620.90,61647.40,61574.80,61641.00,303.180
1783019700000,61641.00,61641.00,61507.50,61529.70,426.545
1783020000000,61529.70,61539.40,61487.40,61523.70,383.008
1783020300000,61523.70,61605.80,61504.60,61593.50,349.875
1783020600000,61593.50,61633.40,61560.00,61589.40,218.285
1783020900000,61589.30,61615.40,61471.80,61532.30,484.755
1783021200000,61532.40,61574.90,61528.30,61553.80,138.933
1783021500000,61553.90,61584.40,61509.80,61516.60,146.426
1783021800000,61516.60,61669.30,61516.60,61650.30,400.898
1783022100000,61650.20,61650.20,61388.10,61452.50,1835.324
1783022400000,61452.40,61502.00,61373.80,61436.70,919.388
1783022700000,61436.70,61518.70,61395.00,61491.50,362.781
1783023000000,61491.50,61491.60,61408.70,61413.30,148.886
1783023300000,61413.30,61491.70,61413.30,61414.30,152.205
1783023600000,61414.30,61421.80,61378.90,61397.70,135.592
1783023900000,61397.60,61410.20,61379.30,61380.70,111.508
1783024200000,61380.70,61395.10,61362.10,61387.20,162.870
1783024500000,61387.20,61414.80,61308.30,61330.70,898.494
1783024800000,61330.70,61379.70,61330.70,61343.50,192.945
1783025100000,61343.50,61449.80,61343.50,61449.40,250.037
1783025400000,61449.40,61470.20,61390.60,61405.40,191.407
1783025700000,61405.50,61576.80,61398.20,61555.40,595.258
1783026000000,61555.30,61634.30,61520.00,61526.50,486.965
1783026300000,61526.40,61535.10,61515.00,61519.60,144.514
1783026600000,61519.60,61526.90,61502.00,61503.40,134.631
1783026900000,61503.40,61525.70,61502.70,61517.30,107.023
1783027200000,61517.30,61520.00,61507.30,61515.00,84.391
1783027500000,61514.90,61515.00,61514.90,61514.90,48.224
1783027800000,61514.90,61515.00,61501.50,61506.90,158.365
1783028100000,61507.00,61531.20,61500.00,61524.80,135.762
1783028400000,61524.70,61524.70,61500.00,61500.00,119.587
1783028700000,61500.10,61502.50,61500.00,61502.30,116.389
1783029000000,61502.30,61590.30,61500.00,61535.00,331.127
1783029300000,61535.10,61570.60,61519.40,61570.60,90.103
1783029600000,61570.50,61570.60,61500.00,61500.10,377.480
1783029900000,61500.10,61529.80,61500.00,61504.60,171.306
1783030200000,61504.50,61516.30,61500.00,61508.50,136.189
1783030500000,61508.50,61545.60,61504.50,61535.80,131.105
1783030800000,61535.80,61535.80,61500.10,61526.20,97.301
1783031100000,61526.30,61526.30,61502.30,61502.40,34.255
1783031400000,61502.30,61512.40,61500.00,61512.10,396.955
1783031700000,61512.10,61536.20,61508.10,61509.80,142.154
1783032000000,61509.90,61512.10,61500.00,61502.80,94.817
1783032300000,61502.90,61506.10,61500.00,61500.00,102.666
1783032600000,61500.00,61523.90,61388.00,61523.90,1793.827
1783032900000,61523.90,61536.40,61444.90,61445.00,95.955
1783033200000,61444.90,61444.90,61338.00,61345.90,493.110
1783033500000,61345.90,61357.10,61333.00,61357.10,130.244
1783033800000,61357.00,61387.10,61334.40,61334.40,130.118
1783034100000,61334.50,61425.10,61333.00,61408.90,175.935
1783034400000,61408.90,61464.30,61404.70,61435.20,189.445
1783034700000,61435.20,61520.00,61435.10,61485.40,163.739
1783035000000,61485.40,61588.20,61477.50,61573.50,348.446
1783035300000,61573.40,61573.40,61459.50,61465.80,214.175
1783035600000,61465.80,61473.30,61420.20,61455.20,121.576
1783035900000,61455.30,61543.30,61450.50,61539.90,177.420
1783036200000,61540.00,61584.60,61525.00,61566.40,299.512
1783036500000,61566.40,61567.40,61531.50,61540.60,173.527
1783036800000,61540.50,61558.80,61414.20,61475.10,323.214
1783037100000,61475.10,61475.10,61383.30,61383.30,281.654
1783037400000,61383.40,61443.00,61367.60,61400.30,357.247
1783037700000,61400.20,61438.40,61356.00,61400.40,472.056
1783038000000,61400.30,61440.00,61340.80,61346.10,208.617
1783038300000,61346.10,61365.20,61282.00,61282.00,655.973
1783038600000,61282.00,61325.00,61236.10,61239.10,400.189
1783038900000,61239.20,61349.40,61229.00,61310.80,239.473
1783039200000,61310.90,61348.20,61284.20,61319.10,141.141
1783039500000,61319.00,61394.70,61292.00,61368.00,215.812
1783039800000,61368.00,61377.60,61308.00,61323.90,127.282
1783040100000,61323.90,61347.20,61273.80,61283.90,174.898
1783040400000,61283.90,61416.90,61261.00,61404.90,261.304
1783040700000,61404.90,61532.30,61402.60,61516.90,481.069
1783041000000,61516.90,61727.20,61470.30,61613.50,761.697
1783041300000,61613.50,61636.00,61483.80,61489.40,577.348
1783041600000,61489.40,61591.70,61489.40,61587.00,375.243
1783041900000,61587.00,61618.20,61527.30,61542.00,198.053
1783042200000,61542.10,61618.00,61500.00,61618.00,181.797
1783042500000,61618.00,61710.90,61617.90,61700.00,482.188
1783042800000,61700.00,61721.20,61640.00,61643.50,403.921
1783043100000,61643.50,61651.20,61588.80,61622.80,294.003
1783043400000,61622.80,61648.20,61588.40,61612.40,260.648
1783043700000,61612.30,61627.50,61560.30,61566.50,173.967
1783044000000,61566.60,61599.40,61515.50,61568.90,287.244
1783044300000,61568.90,61647.00,61514.30,61640.30,585.935
1783044600000,61640.20,61640.20,61485.30,61501.60,250.625
1783044900000,61501.60,61539.50,61489.00,61510.10,325.297
1783045200000,61510.20,61567.80,61508.30,61524.00,161.685
1783045500000,61524.10,61537.90,61377.90,61377.90,418.954
1783045800000,61377.80,61395.40,61271.00,61376.70,812.747
1783046100000,61376.80,61442.20,61321.40,61355.70,294.881
1783046400000,61355.60,61383.00,61293.10,61347.00,220.949
1783046700000,61347.00,61360.20,61273.70,61360.20,239.671
1783047000000,61360.20,61421.10,61353.70,61404.40,205.242
1783047300000,61404.40,61447.80,61371.40,61411.80,196.151
1783047600000,61411.90,61433.80,61345.10,61422.10,303.910
1783047900000,61422.00,61422.00,61323.30,61366.60,145.070
1783048200000,61366.70,61366.70,61300.00,61306.40,161.468
1783048500000,61306.30,61410.60,61306.30,61410.50,236.648
1783048800000,61410.60,61556.70,61400.00,61532.60,554.313
1783049100000,61532.60,61558.00,61508.10,61515.40,170.700
1783049400000,61515.50,61523.00,61502.00,61504.90,153.568
1783049700000,61505.00,61516.10,61463.00,61463.00,179.291
1783050000000,61463.00,61463.10,61360.90,61370.40,209.001
1783050300000,61370.40,61393.20,61330.50,61377.10,455.745
1783050600000,61377.20,61377.20,61327.20,61337.90,149.486
1783050900000,61337.90,61430.70,61337.80,61407.60,286.536
1783051200000,61407.50,61447.60,61401.90,61417.10,187.635
1783051500000,61417.20,61420.40,61325.30,61342.40,210.530
1783051800000,61342.30,61413.60,61300.40,61407.10,272.780
1783052100000,61407.00,61407.10,61320.60,61365.00,196.909
1783052400000,61364.90,61407.10,61360.90,61398.40,193.780
1783052700000,61398.10,61415.40,61379.80,61415.40,109.343
1783053000000,61415.40,61460.00,61389.50,61389.60,220.771
1783053300000,61389.60,61488.30,61385.20,61484.20,233.133
1783053600000,61484.30,61504.60,61443.40,61477.10,255.918
1783053900000,61477.10,61488.80,61385.30,61385.40,250.443
1783054200000,61385.30,61413.00,61350.00,61382.60,132.059
1783054500000,61382.70,61484.70,61364.50,61420.50,433.132
1783054800000,61420.50,61519.30,61403.10,61519.30,496.859
1783055100000,61519.30,61538.30,61497.50,61522.00,359.501
1783055400000,61522.10,61540.70,61500.00,61515.00,134.846
1783055700000,61515.00,61626.10,61487.80,61618.20,394.096
1783056000000,61618.30,61618.30,61554.30,61609.50,455.462
1783056300000,61609.50,61660.00,61573.60,61611.20,315.135
1783056600000,61611.20,61731.60,61591.60,61707.40,594.037
1783056900000,61707.40,61788.00,61676.90,61691.00,1027.777
1783057200000,61691.00,61698.20,61618.60,61676.50,369.734
1783057500000,61676.50,61712.30,61620.00,61712.30,258.549
1783057800000,61712.50,61717.70,61668.70,61712.30,168.548
1783058100000,61712.30,61727.20,61670.60,61674.80,191.121
1783058400000,61674.70,61823.40,61662.50,61801.00,589.690
1783058700000,61801.10,61825.10,61750.00,61782.70,494.113
1783059000000,61782.60,61790.10,61700.00,61703.90,247.677
1783059300000,61704.00,61785.50,61700.00,61714.10,315.229
1783059600000,61714.20,61714.20,61665.10,61708.90,263.115
1783059900000,61708.90,61708.90,61683.40,61693.60,85.650
1783060200000,61693.60,61755.50,61681.50,61681.60,316.489
1783060500000,61681.60,61705.70,61584.00,61599.80,395.961
1783060800000,61599.80,61665.30,61596.30,61616.00,278.050
1783061100000,61616.00,61666.50,61615.70,61643.50,154.148
1783061400000,61643.50,61749.30,61628.00,61735.80,203.320
1783061700000,61735.80,61735.80,61680.50,61680.50,107.021
1783062000000,61680.60,61719.20,61640.00,61640.10,406.530
1783062300000,61640.00,61755.70,61634.10,61695.90,237.505
1783062600000,61696.00,61699.80,61670.60,61676.60,125.270
1783062900000,61676.60,61724.50,61676.50,61714.90,118.756
1783063200000,61715.00,61736.30,61703.70,61734.70,100.598
1783063500000,61734.70,61736.40,61700.00,61736.30,229.662
1783063800000,61736.40,61780.00,61716.90,61749.00,368.794
1783064100000,61748.90,61819.00,61720.80,61740.40,372.523
1783064400000,61740.40,61810.90,61740.40,61800.40,292.487
1783064700000,61800.30,61849.70,61786.50,61808.10,433.716
1783065000000,61808.10,61816.40,61755.30,61777.10,431.368
1783065300000,61777.00,61777.10,61731.70,61733.60,231.057
1783065600000,61733.70,61813.10,61721.20,61722.70,447.595
1783065900000,61722.70,61771.00,61714.10,61737.00,216.287
1783066200000,61736.90,61754.40,61717.00,61726.20,123.685
1783066500000,61726.10,61776.20,61721.20,61721.40,203.259
1783066800000,61721.30,61723.90,61700.00,61714.30,167.901
1783067100000,61714.40,61804.90,61714.40,61760.70,195.880
1783067400000,61760.70,61760.70,61700.00,61735.80,171.652
1783067700000,61735.90,61759.50,61724.70,61726.60,86.490
1783068000000,61726.70,61875.30,61706.50,61840.90,738.412
1783068300000,61840.80,61844.80,61710.00,61710.10,391.820
1783068600000,61710.00,61714.60,61563.80,61563.90,937.430
1783068900000,61563.80,61585.40,61525.90,61553.50,542.506
1783069200000,61553.60,61609.60,61480.70,61563.70,589.958
1783069500000,61563.60,61638.30,61551.40,61587.10,505.494
1783069800000,61587.00,61685.70,61573.50,61677.00,244.353
1783070100000,61677.10,61714.90,61619.80,61636.30,310.696
1783070400000,61636.40,61694.90,61636.40,61677.20,135.048
1783070700000,61677.10,61678.00,61619.90,61660.80,157.054
1783071000000,61660.90,61664.30,61584.80,61590.70,203.242
1783071300000,61590.70,61605.00,61529.70,61559.30,337.615
1783071600000,61559.30,61633.50,61546.20,61633.50,172.778
1783071900000,61633.40,61760.70,61633.40,61721.70,425.091
1783072200000,61721.70,61730.80,61683.30,61692.00,127.271
1783072500000,61692.00,61720.40,61686.80,61686.80,103.324
1783072800000,61686.90,61742.00,61657.60,61698.00,259.320
1783073100000,61698.00,61706.90,61643.20,61645.00,139.557
1783073400000,61645.10,61748.30,61645.00,61700.20,233.171
1783073700000,61700.20,61703.50,61642.20,61657.60,157.087
1783074000000,61657.60,61743.50,61640.20,61699.80,252.324
1783074300000,61699.80,61727.70,61688.80,61715.60,141.954
1783074600000,61715.60,61765.30,61698.10,61727.00,177.511
1783074900000,61727.10,61840.90,61727.10,61802.00,431.435
1783075200000,61801.90,62017.70,61780.00,61992.00,2168.577
1783075500000,61991.90,62000.00,61854.20,61946.60,897.355
1783075800000,61946.60,61967.40,61900.00,61940.20,496.231
1783076100000,61940.10,61940.20,61881.10,61886.60,287.690
1783076400000,61886.50,61950.00,61808.10,61933.20,599.015
1783076700000,61933.30,61987.20,61925.30,61987.00,483.787
1783077000000,61986.90,62050.90,61911.50,61992.30,834.216
1783077300000,61992.30,62039.40,61915.80,61927.50,394.654
1783077600000,61927.40,62043.80,61927.40,62023.60,651.890
1783077900000,62023.50,62023.50,61904.60,61958.50,582.338
1783078200000,61958.50,61999.00,61922.10,61954.00,304.529
1783078500000,61954.00,61954.10,61869.00,61869.10,299.752
1783078800000,61869.00,61869.10,61851.90,61866.60,264.812
1783079100000,61866.60,62015.50,61866.60,62009.10,714.728
1783079400000,62009.10,62078.60,61970.60,62000.10,448.957
1783079700000,62000.00,62019.00,61980.00,61992.80,310.328
1783080000000,61992.80,62142.90,61975.10,62113.80,1651.222
1783080300000,62113.80,62149.30,62056.00,62066.90,1096.957
1783080600000,62067.00,62138.70,62058.70,62130.10,1517.788
1783080900000,62130.00,62148.30,61923.60,61939.70,1634.593
1783081200000,61939.60,61979.90,61917.30,61954.10,330.476
1783081500000,61954.20,61954.20,61883.50,61929.90,376.468
1783081800000,61929.90,61947.80,61891.50,61927.60,318.960
1783082100000,61927.50,61927.60,61841.00,61877.20,405.252
1783082400000,61877.30,61949.70,61877.30,61899.90,283.836
1783082700000,61899.90,61956.70,61899.80,61918.80,170.968
1783083000000,61918.70,61978.00,61917.80,61947.50,317.397
1783083300000,61947.60,61956.40,61923.40,61952.50,138.262
1783083600000,61952.60,62018.80,61930.40,61980.00,477.556
1783083900000,61979.90,61998.70,61910.50,61975.10,467.229
1783084200000,61975.00,62047.30,61975.00,62029.60,378.428
1783084500000,62029.60,62076.90,61990.20,61990.30,280.913
1783084800000,61990.20,62048.20,61990.20,62013.50,242.734
1783085100000,62013.50,62099.70,61972.20,62065.90,475.190
1783085400000,62065.80,62079.70,62016.70,62023.80,249.950
1783085700000,62023.70,62038.60,61991.00,62015.00,212.103
1783086000000,62015.10,62171.00,62015.00,62127.60,879.002
1783086300000,62127.50,62142.00,62025.00,62052.60,380.579
1783086600000,62052.60,62271.90,62049.30,62109.80,1357.015
1783086900000,62109.80,62131.90,62060.10,62083.80,535.541
1783087200000,62083.90,62083.90,61896.80,61981.70,828.342
1783087500000,61981.70,61993.50,61940.20,61965.50,248.764
1783087800000,61965.60,61970.10,61653.00,61739.30,1881.681
1783088100000,61739.30,61850.00,61696.40,61779.60,932.357
1783088400000,61779.60,61871.80,61720.30,61829.60,651.561
1783088700000,61829.60,61902.50,61823.60,61900.00,297.226
1783089000000,61900.10,61926.60,61819.00,61844.10,372.178
1783089300000,61844.10,61913.30,61826.40,61868.30,244.011
1783089600000,61868.30,62042.90,61868.30,62039.20,842.178
1783089900000,62039.20,62088.40,61991.70,62063.60,577.447
1783090200000,62063.70,62257.00,62060.40,62239.50,1285.252
1783090500000,62239.50,62239.60,62136.70,62142.90,627.010
1783090800000,62142.90,62206.80,62135.20,62149.50,692.449
1783091100000,62149.40,62386.70,62148.30,62300.00,2867.918
1783091400000,62299.90,62318.40,62147.30,62156.20,1863.474
1783091700000,62156.20,62198.90,62017.40,62125.50,1279.661
1783092000000,62125.50,62134.10,61965.20,61998.60,806.126
1783092300000,61998.60,62010.00,61955.30,61980.40,464.430
1783092600000,61980.40,62081.70,61963.40,61993.00,520.724
1783092900000,61993.10,62025.40,61930.30,61937.60,706.793
1783093200000,61937.50,61947.80,61778.10,61815.90,2507.132
1783093500000,61815.90,61888.00,61800.00,61819.20,938.090
1783093800000,61819.20,61940.00,61787.10,61926.80,641.713
1783094100000,61926.70,61926.80,61879.90,61895.20,293.106
1783094400000,61895.20,61936.40,61889.00,61930.50,259.200
1783094700000,61930.70,61963.20,61910.20,61933.00,420.603
1783095000000,61933.00,61958.50,61877.60,61900.20,290.184
1783095300000,61900.30,61958.30,61900.20,61944.80,200.604
1783095600000,61944.80,62086.60,61941.80,62062.60,514.820
1783095900000,62062.50,62079.90,61999.70,62039.10,268.650
1783096200000,62039.20,62099.00,61953.30,62015.20,425.131
1783096500000,62015.30,62068.30,62010.00,62020.00,241.657
1783096800000,62020.10,62049.30,62010.00,62021.90,251.252
1783097100000,62022.00,62033.60,61996.10,62009.70,327.032
1783097400000,62009.60,62065.80,61992.70,62037.20,369.047
1783097700000,62037.20,62103.50,62032.10,62081.90,491.075
1783098000000,62081.90,62149.10,62036.00,62140.00,539.043
1783098300000,62140.10,62266.80,62120.00,62248.40,1287.252
1783098600000,62248.50,62266.00,62159.90,62165.50,498.090
1783098900000,62165.40,62189.30,62160.20,62187.90,142.652
1783099200000,62188.00,62219.20,62115.80,62115.80,219.451
1783099500000,62115.90,62167.80,62083.60,62156.60,254.210
1783099800000,62156.70,62167.90,62134.10,62167.70,172.076
1783100100000,62167.70,62223.00,62167.60,62194.00,175.526
1783100400000,62194.00,62250.00,62167.90,62200.10,312.825
1783100700000,62200.00,62223.20,62165.90,62179.80,148.400
1783101000000,62179.80,62188.20,62136.10,62171.50,130.329
1783101300000,62171.50,62190.00,62139.10,62171.50,214.731
1783101600000,62171.50,62180.40,62115.30,62126.90,263.391
1783101900000,62126.90,62130.10,62087.40,62109.80,252.472
1783102200000,62109.80,62142.30,62097.40,62133.60,175.388
1783102500000,62133.70,62176.10,62118.00,62128.40,197.387
1783102800000,62128.50,62141.00,62109.10,62126.90,143.676
1783103100000,62127.00,62153.60,62103.80,62153.60,153.541
1783103400000,62153.60,62196.90,62146.80,62175.20,333.092
1783103700000,62175.20,62207.00,62161.30,62188.00,244.961
1783104000000,62187.90,62217.20,62173.40,62197.40,279.996
1783104300000,62197.40,62204.50,62165.20,62177.90,184.728
1783104600000,62177.90,62200.00,62172.90,62182.70,98.467
1783104900000,62182.70,62223.70,62162.10,62180.20,256.055
1783105200000,62180.30,62231.70,62173.70,62179.10,263.501
1783105500000,62179.00,62179.00,62120.10,62164.40,219.743
1783105800000,62164.40,62191.20,62128.00,62156.90,159.149
1783106100000,62157.00,62277.60,62156.90,62233.30,438.789
1783106400000,62233.30,62241.40,62172.30,62192.40,249.626
1783106700000,62192.30,62207.40,62153.10,62196.20,194.197
1783107000000,62196.20,62225.80,62129.90,62184.70,667.427
1783107300000,62184.80,62292.40,62160.50,62238.80,348.289
1783107600000,62238.80,62248.10,62203.00,62203.10,189.733
1783107900000,62203.20,62221.80,62161.70,62216.00,208.980
1783108200000,62216.00,62231.70,62205.20,62207.20,336.571
1783108500000,62207.10,62211.50,62163.70,62178.40,479.870
1783108800000,62178.40,62198.30,62151.20,62184.30,811.138
1783109100000,62184.30,62476.70,62170.30,62379.80,3817.033
1783109400000,62379.70,62422.40,62349.50,62405.30,556.407
1783109700000,62405.40,62684.30,62367.10,62600.00,4608.085
1783110000000,62600.00,62643.90,62512.20,62600.10,2102.407
1783110300000,62600.00,62673.00,62580.00,62600.00,855.265
1783110600000,62600.00,62673.90,62580.00,62666.10,761.772
1783110900000,62666.20,62898.00,62634.60,62663.00,5095.948
1783111200000,62663.00,62716.30,62598.60,62685.00,610.084
1783111500000,62685.00,62847.20,62661.40,62793.00,948.997
1783111800000,62793.00,62809.90,62751.10,62787.20,472.705
1783112100000,62787.30,62787.30,62690.00,62759.30,492.299
1783112400000,62759.30,62818.20,62718.40,62781.00,532.449
1783112700000,62781.00,62787.60,62700.10,62759.00,477.736
1783113000000,62758.90,62957.20,62716.20,62730.60,1846.945
1783113300000,62730.60,62780.00,62598.50,62611.90,748.076
1783113600000,62611.90,62687.00,62611.90,62633.00,332.646
1783113900000,62633.00,62664.00,62593.10,62608.40,465.036
1783114200000,62608.40,62617.70,62518.50,62533.10,490.461
1783114500000,62533.10,62588.70,62510.90,62524.10,469.139
1783114800000,62524.20,62616.50,62488.80,62589.30,532.236
1783115100000,62589.40,62693.80,62585.10,62648.20,389.214
1783115400000,62648.30,62813.60,62633.40,62771.60,458.863
1783115700000,62771.70,62800.00,62706.80,62706.80,292.949
1783116000000,62706.90,62726.00,62636.10,62636.10,269.247
1783116300000,62636.10,62642.00,62559.60,62604.60,486.886
1783116600000,62604.50,62620.80,62585.70,62609.40,157.457
1783116900000,62609.30,62649.00,62594.60,62647.30,127.126
1783117200000,62647.20,62658.50,62611.20,62648.70,206.957
1783117500000,62648.70,62687.50,62608.10,62608.10,187.271
1783117800000,62608.10,62611.40,62513.00,62568.00,491.733
1783118100000,62567.90,62603.50,62550.80,62555.80,205.210
1783118400000,62555.90,62594.40,62536.40,62594.30,143.352
1783118700000,62594.40,62648.40,62554.90,62565.40,187.493
1783119000000,62565.50,62582.80,62565.40,62566.50,72.461
1783119300000,62566.50,62578.40,62545.30,62549.30,147.141
1783119600000,62549.30,62581.00,62543.80,62543.80,126.928
1783119900000,62543.80,62546.80,62507.10,62519.80,234.094
1783120200000,62519.90,62549.30,62519.90,62541.80,93.590
1783120500000,62541.70,62621.20,62535.30,62595.90,310.373
1783120800000,62595.80,62667.60,62595.80,62612.90,349.750
1783121100000,62612.90,62619.40,62554.10,62602.80,249.959
1783121400000,62602.80,62660.80,62602.70,62641.80,137.732
1783121700000,62641.90,62675.90,62638.80,62667.50,178.997
1783122000000,62667.50,62688.00,62648.00,62660.80,146.711
1783122300000,62660.90,62663.30,62547.60,62547.60,160.677
1783122600000,62547.60,62584.80,62523.90,62576.80,167.746
1783122900000,62576.80,62591.80,62565.40,62565.50,70.005
1783123200000,62565.50,62591.80,62560.50,62571.60,175.467
1783123500000,62571.60,62925.60,62571.50,62914.60,1832.029
1783123800000,62914.50,62925.70,62780.70,62804.20,1439.570
1783124100000,62804.10,62830.00,62791.40,62818.60,344.073
1783124400000,62818.60,62818.80,62733.50,62735.70,261.496
1783124700000,62735.80,62769.40,62725.50,62740.00,138.255
1783125000000,62740.00,62787.10,62735.80,62750.00,173.025
1783125300000,62749.90,62750.00,62667.00,62667.90,238.111
1783125600000,62667.90,62720.00,62660.60,62688.40,323.819
1783125900000,62688.40,62792.80,62685.90,62751.10,198.371
1783126200000,62751.10,62756.50,62710.30,62719.30,116.720
1783126500000,62719.20,62750.00,62715.70,62735.10,97.949
1783126800000,62735.00,62735.10,62479.40,62544.80,1351.375
1783127100000,62544.70,62568.70,62471.80,62475.20,773.162
1783127400000,62475.20,62537.70,62451.10,62493.40,651.252
1783127700000,62493.30,62569.80,62462.00,62534.60,324.449
1783128000000,62534.50,62544.90,62452.00,62452.00,267.686
1783128300000,62452.10,62470.70,62381.60,62470.60,728.344
1783128600000,62470.70,62524.50,62460.00,62460.00,207.913
1783128900000,62460.00,62494.00,62433.30,62460.90,159.532
1783129200000,62460.90,62460.90,62400.60,62424.80,170.646
1783129500000,62424.80,62449.60,62395.90,62399.80,189.579
1783129800000,62399.80,62472.00,62399.80,62455.10,141.476
1783130100000,62455.10,62486.00,62450.00,62450.00,212.318
1783130400000,62450.00,62508.60,62450.00,62468.30,321.770
1783130700000,62468.30,62530.00,62468.30,62510.00,175.687
1783131000000,62509.90,62547.70,62502.00,62502.00,209.708
1783131300000,62502.10,62505.50,62444.30,62454.10,168.846
1783131600000,62454.10,62470.00,62429.60,62463.40,127.713
1783131900000,62463.40,62470.80,62442.60,62470.70,87.599
1783132200000,62470.70,62484.50,62404.00,62404.00,187.937
1783132500000,62404.00,62476.20,62404.00,62427.80,101.629
1783132800000,62427.90,62473.20,62427.80,62472.60,61.520
1783133100000,62472.50,62500.00,62448.50,62469.60,115.096
1783133400000,62469.70,62556.50,62469.60,62533.90,224.327
1783133700000,62534.00,62534.00,62506.00,62514.00,118.919
1783134000000,62514.10,62560.00,62501.00,62503.90,198.750
1783134300000,62503.80,62503.90,62460.00,62487.80,174.658
1783134600000,62487.80,62550.00,62482.90,62537.90,65.444
1783134900000,62537.90,62569.10,62530.00,62530.00,196.853
1783135200000,62530.00,62548.00,62520.80,62537.30,95.835
1783135500000,62537.30,62544.60,62524.30,62544.60,73.089
1783135800000,62544.50,62667.40,62486.70,62637.70,719.795
1783136100000,62637.70,62734.70,62620.10,62685.90,585.916
1783136400000,62685.80,62708.00,62660.10,62685.00,175.579
1783136700000,62684.90,62702.10,62653.60,62670.70,149.955
1783137000000,62670.70,62679.90,62606.50,62608.30,157.969
1783137300000,62608.30,62625.30,62603.30,62609.60,163.637
1783137600000,62609.60,62627.80,62573.30,62600.10,390.817
1783137900000,62600.00,62666.60,62600.00,62650.10,93.180
1783138200000,62650.00,62690.40,62632.70,62632.70,123.400
1783138500000,62632.80,62632.80,62568.80,62576.30,115.162
1783138800000,62576.30,62686.00,62573.30,62667.80,143.886
1783139100000,62667.80,62700.00,62642.00,62642.00,111.849
1783139400000,62642.00,62735.20,62637.70,62667.40,310.509
1783139700000,62667.40,62705.00,62648.80,62658.70,100.717
1783140000000,62658.80,62670.00,62644.80,62659.70,91.331
1783140300000,62659.70,62700.00,62659.70,62680.70,110.457
1783140600000,62680.80,62720.00,62648.60,62665.50,153.346
1783140900000,62665.50,62677.80,62617.10,62661.50,200.167
1783141200000,62661.60,62661.60,62584.50,62592.90,147.095
1783141500000,62592.90,62593.00,62550.30,62554.90,107.668
1783141800000,62554.80,62567.50,62551.00,62554.50,112.269
1783142100000,62554.50,62556.00,62511.40,62514.20,167.020
1783142400000,62514.20,62514.20,62450.40,62450.40,353.842
1783142700000,62450.40,62519.00,62450.40,62494.90,198.473
1783143000000,62494.90,62517.50,62488.80,62488.80,129.091
1783143300000,62488.80,62509.10,62483.70,62499.50,82.822
1783143600000,62499.50,62550.00,62499.40,62542.80,129.024
1783143900000,62542.90,62576.30,62532.90,62538.20,113.814
1783144200000,62538.20,62550.50,62420.00,62454.90,588.159
1783144500000,62454.80,62455.90,62395.70,62445.60,491.581
1783144800000,62445.70,62472.40,62445.70,62471.50,112.376
1783145100000,62471.50,62538.60,62456.60,62463.20,257.457
1783145400000,62463.20,62472.80,62400.00,62409.50,235.487
1783145700000,62409.60,62431.90,62403.30,62426.50,131.512
1783146000000,62426.60,62426.60,62311.00,62327.00,670.922
1783146300000,62327.00,62426.10,62302.60,62405.80,477.503
1783146600000,62405.80,62511.60,62405.80,62437.30,537.519
1783146900000,62437.40,62455.00,62424.30,62454.90,117.468
1783147200000,62455.00,62470.00,62434.00,62435.30,147.821
1783147500000,62435.30,62500.00,62435.30,62489.00,121.568
1783147800000,62488.90,62508.00,62467.90,62494.00,142.840
1783148100000,62494.00,62495.90,62470.00,62473.20,41.432
1783148400000,62473.10,62478.50,62450.00,62462.00,105.884
1783148700000,62462.00,62477.60,62441.80,62475.60,99.719
1783149000000,62475.50,62533.60,62460.40,62518.10,398.071
1783149300000,62518.00,62530.00,62494.80,62529.90,78.449
1783149600000,62530.00,62612.60,62523.00,62584.10,441.841
1783149900000,62584.10,62584.10,62518.60,62521.60,167.954
1783150200000,62521.70,62539.40,62470.00,62470.00,147.281
1783150500000,62470.00,62488.40,62453.40,62469.50,150.142
1783150800000,62469.40,62507.90,62469.40,62477.60,129.047
1783151100000,62477.60,62566.50,62465.00,62548.80,176.098
1783151400000,62548.80,62568.00,62542.90,62551.50,126.124
1783151700000,62551.40,62568.70,62540.00,62549.00,110.826
1783152000000,62549.10,62559.50,62506.90,62510.20,139.559
1783152300000,62510.20,62528.80,62503.60,62512.10,124.861
1783152600000,62512.10,62521.40,62485.10,62521.40,96.844
1783152900000,62521.40,62528.00,62488.00,62528.00,84.266
1783153200000,62528.00,62557.30,62527.90,62540.90,124.617
1783153500000,62540.80,62547.80,62524.70,62524.70,119.318
1783153800000,62524.70,62573.70,62520.00,62568.70,117.927
1783154100000,62568.60,62654.10,62513.80,62607.90,1004.279
1783154400000,62607.80,62624.80,62551.70,62568.30,238.777
1783154700000,62568.30,62638.10,62568.20,62606.10,158.094
1783155000000,62606.10,62624.70,62594.70,62594.80,155.579
1783155300000,62594.70,62594.80,62522.00,62528.00,348.841
1783155600000,62527.90,62559.30,62432.10,62438.50,356.462
1783155900000,62438.40,62532.20,62424.10,62472.20,262.111
1783156200000,62472.30,62529.70,62471.00,62480.00,104.867
1783156500000,62480.00,62484.70,62448.20,62475.00,83.288
1783156800000,62474.90,62475.80,62429.80,62448.60,202.908
1783157100000,62448.60,62454.00,62426.10,62454.00,103.611
1783157400000,62454.00,62459.10,62422.40,62423.40,130.055
1783157700000,62423.50,62443.30,62386.10,62415.90,181.282
1783158000000,62415.90,62435.40,62405.70,62426.50,225.025
1783158300000,62426.50,62470.10,62426.50,62470.10,97.534
1783158600000,62470.10,62482.50,62460.40,62477.90,119.482
1783158900000,62477.90,62487.30,62466.00,62466.00,62.935
1783159200000,62466.00,62469.90,62418.30,62437.00,163.664
1783159500000,62437.00,62472.30,62437.00,62440.70,98.873
1783159800000,62440.60,62459.40,62433.30,62434.80,89.516
1783160100000,62434.90,62471.70,62424.40,62471.70,72.962
1783160400000,62471.70,62475.00,62450.00,62466.50,92.760
1783160700000,62466.60,62497.40,62466.50,62471.80,80.522
1783161000000,62471.90,62471.90,62455.30,62456.10,113.335
1783161300000,62456.10,62465.90,62436.20,62443.90,92.161
1783161600000,62443.90,62465.90,62441.90,62461.10,60.418
1783161900000,62461.10,62465.90,62452.40,62465.90,91.109
1783162200000,62465.80,62502.60,62448.30,62500.00,131.542
1783162500000,62499.90,62518.80,62483.80,62483.90,116.595
1783162800000,62483.80,62483.80,62440.60,62450.00,134.512
1783163100000,62450.10,62500.00,62448.60,62499.90,65.584
1783163400000,62500.00,62504.60,62471.40,62499.80,115.729
1783163700000,62499.80,62530.40,62476.60,62476.60,113.757
1783164000000,62476.70,62500.00,62465.40,62465.40,95.215
1783164300000,62465.40,62465.50,62433.40,62455.20,215.500
1783164600000,62455.20,62545.40,62455.20,62526.50,212.887
1783164900000,62526.60,62527.40,62490.30,62490.60,106.452
1783165200000,62490.60,62493.40,62460.00,62466.30,95.226
1783165500000,62466.30,62491.00,62430.10,62455.40,305.421
1783165800000,62455.40,62473.50,62455.40,62469.10,59.963
1783166100000,62469.20,62485.40,62458.60,62458.70,38.958
1783166400000,62458.60,62563.00,62458.60,62522.70,215.699
1783166700000,62522.60,62538.60,62515.00,62525.50,100.672
1783167000000,62525.50,62543.90,62525.50,62541.20,69.957
1783167300000,62541.20,62552.00,62527.00,62552.00,120.093
1783167600000,62551.90,62552.00,62517.00,62530.80,97.980
1783167900000,62530.80,62593.70,62530.80,62560.30,147.402
1783168200000,62560.40,62620.00,62554.30,62614.30,286.101
1783168500000,62614.30,62614.30,62561.20,62590.00,145.235
1783168800000,62590.00,62598.20,62570.50,62597.70,70.661
1783169100000,62597.70,62600.00,62560.90,62568.10,117.446
1783169400000,62568.10,62593.70,62568.10,62593.60,53.354
1783169700000,62593.70,62671.50,62593.60,62634.10,365.461
1783170000000,62634.00,62634.10,62583.50,62583.60,139.429
1783170300000,62583.50,62587.40,62565.60,62587.30,118.606
1783170600000,62587.30,62590.50,62562.70,62585.10,127.569
1783170900000,62585.00,62670.70,62581.00,62667.50,132.558
1783171200000,62667.50,62755.50,62620.30,62642.80,727.188
1783171500000,62642.90,62685.50,62613.00,62631.00,158.926
1783171800000,62631.00,62631.00,62566.90,62566.90,198.394
1783172100000,62567.00,62582.30,62538.80,62562.70,203.086
1783172400000,62562.70,62576.50,62527.00,62555.20,223.645
1783172700000,62555.10,62555.10,62509.40,62550.00,196.376
1783173000000,62550.00,62552.40,62530.20,62542.30,82.909
1783173300000,62542.40,62566.10,62530.00,62563.00,91.232
1783173600000,62562.90,62633.00,62562.40,62599.00,178.465
1783173900000,62599.10,62625.00,62571.40,62600.00,108.822
1783174200000,62600.00,62669.80,62592.00,62640.90,321.347
1783174500000,62640.80,62719.30,62635.10,62645.60,289.388
1783174800000,62645.60,62666.30,62605.00,62649.40,140.370
1783175100000,62649.40,62662.40,62623.40,62647.10,109.810
1783175400000,62647.20,62653.30,62600.50,62610.10,90.961
1783175700000,62610.10,62638.00,62597.70,62611.00,77.713
1783176000000,62610.90,62669.80,62610.90,62656.20,111.858
1783176300000,62656.30,62692.00,62629.90,62636.30,182.299
1783176600000,62636.30,62670.70,62627.60,62636.20,104.713
1783176900000,62636.20,62671.90,62629.40,62671.90,159.254
1783177200000,62671.80,62709.30,62669.40,62709.20,207.134
1783177500000,62709.20,62893.20,62666.70,62831.10,1178.773
1783177800000,62831.80,63069.60,62753.10,62804.00,3614.573
1783178100000,62804.00,62811.50,62729.40,62768.40,522.213
1783178400000,62768.40,62888.00,62750.10,62869.30,551.550
1783178700000,62869.30,62908.30,62810.50,62896.80,716.240
1783179000000,62896.80,62896.80,62816.10,62881.40,411.781
1783179300000,62881.40,63000.10,62836.80,62878.00,856.213
1783179600000,62878.00,62902.40,62846.30,62900.40,187.926
1783179900000,62900.40,62990.70,62888.30,62921.00,638.819
1783180200000,62921.00,62924.20,62833.30,62921.00,380.077
1783180500000,62920.90,62923.00,62889.50,62908.80,194.886
1783180800000,62908.70,62937.60,62844.00,62924.80,295.376
1783181100000,62924.90,62943.00,62850.00,62864.30,255.793
1783181400000,62864.30,62864.30,62762.00,62762.00,440.811
1783181700000,62762.10,62838.10,62752.90,62831.40,323.087
1783182000000,62831.40,62855.70,62800.00,62830.80,290.998
1783182300000,62830.70,62853.20,62793.10,62838.10,170.792
1783182600000,62838.20,62905.00,62838.10,62875.20,292.611
1783182900000,62875.10,62920.00,62865.10,62918.40,139.018
1783183200000,62918.40,62918.50,62865.20,62878.70,159.905
1783183500000,62878.60,62885.00,62832.50,62878.00,111.968
1783183800000,62878.00,62940.00,62878.00,62883.20,343.896
1783184100000,62883.20,62902.60,62871.70,62895.20,132.644
1783184400000,62895.20,62895.20,62769.80,62879.90,384.789
1783184700000,62880.00,62926.30,62846.10,62913.00,184.562
1783185000000,62913.00,62913.00,62816.00,62840.80,182.769
1783185300000,62840.70,62905.00,62827.80,62886.30,142.674
1783185600000,62886.40,62909.00,62882.80,62901.60,141.204
1783185900000,62901.70,62960.90,62901.60,62958.00,268.492
1783186200000,62958.00,63180.00,62957.90,63129.00,2096.041
1783186500000,63129.00,63176.30,63058.10,63151.70,1062.323
1783186800000,63151.60,63155.60,63085.40,63155.60,474.448
1783187100000,63155.60,63254.60,63121.60,63204.30,1276.472
1783187400000,63204.20,63420.00,63204.20,63333.20,3080.148
1783187700000,63333.20,63337.70,63245.50,63245.60,728.200
1783188000000,63245.50,63258.00,63191.00,63200.70,629.714
1783188300000,63200.70,63300.00,63168.40,63168.40,395.676
1783188600000,63168.40,63316.00,63155.80,63294.90,500.843
1783188900000,63295.00,63324.80,63204.30,63237.70,328.904
1783189200000,63237.70,63240.00,63116.70,63148.60,512.721
1783189500000,63148.60,63172.40,63119.60,63153.00,254.074
1783189800000,63153.00,63153.00,63089.50,63089.60,355.703
1783190100000,63089.60,63123.20,63081.00,63088.30,299.779
1783190400000,63088.30,63124.60,63071.60,63087.20,253.405
1783190700000,63087.20,63137.70,63076.50,63076.50,183.261
1783191000000,63076.60,63155.00,63070.00,63122.10,161.182
1783191300000,63122.20,63151.70,63122.10,63137.50,82.353
1783191600000,63137.50,63214.60,63129.80,63196.10,320.834
1783191900000,63196.30,63206.60,63171.20,63206.10,151.693
1783192200000,63206.00,63206.10,63090.00,63147.70,247.799
1783192500000,63147.70,63237.20,63147.70,63234.80,129.060
1783192800000,63234.70,63299.90,63222.30,63286.20,419.966
1783193100000,63286.30,63357.30,63269.00,63344.10,742.385
1783193400000,63344.10,63450.00,63298.00,63400.00,960.668
1783193700000,63400.10,63420.00,63250.10,63277.70,521.356
1783194000000,63277.80,63345.40,63273.60,63341.10,242.960
1783194300000,63341.10,63341.10,63270.00,63276.10,229.736
1783194600000,63276.20,63302.90,63253.90,63253.90,120.771
1783194900000,63253.90,63297.90,63251.70,63268.10,115.155
1783195200000,63268.00,63367.00,63255.00,63366.40,267.361
1783195500000,63366.50,63366.50,63295.00,63314.80,130.676
1783195800000,63314.80,63337.70,63305.10,63312.80,79.858
1783196100000,63312.80,63318.70,63191.80,63216.60,324.248
1783196400000,63216.60,63216.70,63128.40,63175.00,516.321
1783196700000,63175.10,63175.10,63130.00,63144.10,240.199
1783197000000,63144.00,63215.60,63130.10,63208.90,177.328
1783197300000,63208.90,63249.50,63202.10,63206.70,174.309
1783197600000,63206.80,63298.00,63206.80,63266.00,253.510
1783197900000,63266.00,63297.30,63265.90,63295.00,116.021
1783198200000,63295.00,63300.00,63255.30,63299.90,116.476
1783198500000,63299.90,63307.80,63199.00,63208.90,89.683
1783198800000,63208.80,63230.80,63172.80,63206.80,146.807
1783199100000,63206.80,63234.40,63186.20,63186.20,72.183
1783199400000,63186.20,63349.90,63186.20,63324.20,314.007
1783199700000,63324.20,63360.30,63324.00,63356.40,269.200
1783200000000,63356.50,63424.50,63356.40,63411.90,470.661
1783200300000,63411.90,63412.00,63351.00,63409.90,204.777
1783200600000,63410.00,63430.00,63341.80,63341.80,316.977
1783200900000,63341.90,63349.20,63323.10,63328.30,151.702
1783201200000,63328.20,63346.80,63261.70,63271.10,194.947
1783201500000,63271.20,63283.90,63247.70,63247.80,148.550
1783201800000,63247.90,63300.00,63247.80,63280.00,79.613
1783202100000,63280.00,63308.00,63274.60,63274.70,91.562
1783202400000,63274.60,63286.40,63232.00,63232.10,134.903
1783202700000,63232.10,63257.50,63216.50,63257.40,94.080
1783203000000,63257.50,63257.50,63187.40,63227.80,233.710
1783203300000,63227.90,63284.00,63221.80,63260.10,153.275
1783203600000,63260.00,63260.10,63181.00,63186.90,80.349
1783203900000,63186.80,63193.30,63167.40,63192.80,127.551
1783204200000,63192.90,63209.30,63180.30,63186.50,145.681
1783204500000,63186.60,63219.00,63174.00,63174.10,71.085
1783204800000,63174.10,63193.60,63152.50,63180.20,119.761
1783205100000,63180.20,63180.20,63129.40,63178.40,349.477
1783205400000,63178.40,63222.30,63159.70,63168.20,320.067
1783205700000,63168.20,63168.30,63145.40,63167.70,125.762
1783206000000,63167.70,63187.00,63080.70,63179.40,349.203
1783206300000,63179.30,63215.80,63146.00,63168.30,172.765
1783206600000,63168.20,63174.80,62959.00,62966.40,1028.210
1783206900000,62966.40,63025.50,62902.70,63010.00,798.495
1783207200000,63010.10,63066.00,62999.20,63049.00,202.871
1783207500000,63049.00,63072.80,63043.20,63071.90,118.197
1783207800000,63071.90,63137.60,63071.90,63137.60,205.578
1783208100000,63137.60,63141.20,63100.20,63111.20,94.545
1783208400000,63111.20,63198.90,63100.60,63180.00,310.538
1783208700000,63180.00,63209.80,63145.30,63185.30,218.959
1783209000000,63185.30,63185.30,63116.00,63174.30,206.910
1783209300000,63174.30,63174.30,63111.10,63114.80,105.342
1783209600000,63114.90,63114.90,62992.00,63040.00,464.723
1783209900000,63040.10,63058.80,63000.00,63003.20,414.960
1783210200000,63003.20,63031.20,62987.70,63021.30,204.642
1783210500000,63021.20,63026.10,62984.30,63013.90,146.636
1783210800000,63014.00,63020.00,62946.60,62994.80,250.265
1783211100000,62994.90,63026.70,62981.40,63023.00,181.036
1783211400000,63023.10,63032.40,62974.60,62983.90,128.265
1783211700000,62983.80,63090.00,62965.60,63069.60,221.947
1783212000000,63069.60,63097.00,63054.20,63063.30,157.449
1783212300000,63063.30,63080.10,63000.00,63009.10,182.924
1783212600000,63009.20,63020.40,62986.40,63011.70,108.535
1783212900000,63011.90,63012.00,62824.40,62962.50,1090.219
1783213200000,62962.60,63000.00,62955.40,62961.00,179.392
1783213500000,62961.00,63022.60,62895.50,62961.20,652.630
1783213800000,62961.10,62991.00,62951.10,62955.50,92.360
1783214100000,62955.60,62955.60,62844.10,62846.40,330.452
1783214400000,62846.30,62875.30,62807.00,62819.00,347.724
1783214700000,62819.10,62947.10,62814.90,62912.80,322.050
1783215000000,62912.80,62912.80,62762.30,62794.90,894.570
1783215300000,62794.90,62849.60,62776.30,62829.20,517.007
1783215600000,62829.30,62858.00,62813.60,62836.70,144.606
1783215900000,62836.60,62886.50,62799.80,62827.40,225.862
1783216200000,62827.40,62880.00,62820.00,62863.00,211.933
1783216500000,62863.10,62876.70,62850.00,62859.80,92.018
1783216800000,62859.80,62902.60,62796.50,62796.50,249.395
1783217100000,62796.50,62799.80,62756.40,62764.20,283.398
1783217400000,62764.20,62784.20,62710.00,62710.10,432.102
1783217700000,62710.00,62729.70,62622.60,62729.70,969.604
1783218000000,62729.70,62762.50,62681.80,62688.60,372.972
1783218300000,62688.60,62731.80,62656.30,62731.80,304.332
1783218600000,62731.80,62756.30,62695.00,62743.90,158.857
1783218900000,62743.90,62772.60,62712.50,62745.40,142.639
1783219200000,62745.40,62764.50,62615.60,62615.70,247.254
1783219500000,62615.70,62666.60,62549.60,62609.80,782.775
1783219800000,62609.80,62644.90,62567.00,62611.40,372.369
1783220100000,62611.30,62673.80,62607.50,62673.80,246.675
1783220400000,62673.70,62732.20,62669.80,62730.70,316.222
1783220700000,62730.70,62754.00,62720.10,62735.10,152.129
1783221000000,62735.10,62764.80,62724.60,62737.10,205.456
1783221300000,62737.10,62747.00,62724.60,62724.70,166.957
1783221600000,62724.60,62724.70,62641.70,62699.50,298.032
1783221900000,62699.50,62699.60,62626.50,62641.90,200.555
1783222200000,62641.90,62714.40,62638.20,62666.70,238.673
1783222500000,62666.60,62750.00,62662.70,62740.60,124.743
1783222800000,62740.60,62741.10,62701.30,62709.70,98.859
1783223100000,62709.80,62743.50,62699.90,62740.40,158.761
1783223400000,62740.30,62764.80,62702.90,62745.60,157.201
1783223700000,62745.60,62766.00,62739.10,62739.10,244.194
1783224000000,62739.10,62751.10,62680.00,62723.60,204.207
1783224300000,62723.60,62754.90,62694.30,62746.90,153.943
1783224600000,62746.80,62799.90,62746.80,62762.20,268.098
1783224900000,62762.30,62789.30,62760.00,62789.30,100.560
1783225200000,62789.30,62850.00,62789.30,62840.20,570.214
1783225500000,62840.20,62844.10,62822.40,62834.90,180.247
1783225800000,62834.90,62924.00,62833.70,62880.20,498.070
1783226100000,62880.20,62916.60,62872.40,62887.40,284.494
1783226400000,62887.40,62928.00,62885.30,62912.90,158.704
1783226700000,62912.90,62912.90,62818.80,62836.20,246.566
1783227000000,62836.20,62836.20,62784.10,62784.20,126.447
1783227300000,62784.10,62815.30,62784.10,62787.30,129.452
1783227600000,62787.00,62787.00,62721.80,62755.60,285.412
1783227900000,62755.60,62766.20,62702.80,62729.00,191.549
1783228200000,62729.00,62748.60,62714.30,62720.70,76.131
1783228500000,62720.80,62766.20,62714.00,62753.80,133.266
1783228800000,62753.80,62762.20,62716.10,62717.50,165.776
1783229100000,62717.50,62756.00,62717.50,62730.00,118.935
1783229400000,62730.00,62788.40,62729.90,62766.10,134.282
1783229700000,62766.10,62769.70,62705.00,62718.50,145.841
1783230000000,62718.40,62718.50,62628.00,62645.00,394.775
1783230300000,62644.90,62689.20,62644.00,62687.90,116.170
