timestamp,sum_oi,sum_oi_value
1782933300000,8243941.43000000,60883584.19183563
1782933600000,8249811.65000000,60949608.47020000
1782933900000,8251866.08000000,60907023.53648000
1782934200000,8267489.69000000,60898257.70810398
1782934500000,8278534.71000000,61142263.10484074
1782934800000,8285277.20000000,61156703.27683853
1782935100000,8292778.72000000,61167535.83872000
1782935400000,8289296.50000000,61058958.01900000
1782935700000,8293927.75000000,61093071.80650000
1782936000000,8315764.92000000,61338177.06984466
1782936300000,8321953.11000000,61299506.60826000
1782936600000,8324840.67000000,61338498.54578352
1782936900000,8321966.59000000,61457723.26715000
1782937200000,8321401.48000000,61270479.09724000
1782937500000,8321922.74000000,61374180.20750000
1782937800000,8317650.80000000,61365265.72227883
1782938100000,8318275.52000000,61380555.06208000
1782938400000,8317885.35000000,61369358.11230000
1782938700000,8318158.86000000,61446239.49882000
1782939000000,8316924.95000000,61561878.47990000
1782939300000,8313454.87000000,61502028.88808628
1782939600000,8311368.53000000,61545683.96465000
1782939900000,8311442.89000000,61579480.37201000
1782940200000,8313647.65000000,61685976.36565892
1782940500000,8317475.63000000,61825606.15731233
1782940800000,8322704.06000000,61929240.91046000
1782941100000,8322635.84000000,61887120.10624000
1782941400000,8319108.33000000,61879227.68513615
1782941700000,8319017.73000000,62214109.10064898
1782942000000,8330648.65000000,62171630.87495000
1782942300000,8322139.41000000,62188525.35734910
1782942600000,8327130.47000000,62270281.65466000
1782942900000,8327220.84000000,62270957.44152000
1782943200000,8327055.83000000,62261584.38256008
1782943500000,8471396.74000000,63264390.85432000
1782943800000,8465422.20000000,63175870.80214547
1782944100000,8471272.93000000,63283378.05297469
1782944400000,8473536.97000000,63331215.31378000
1782944700000,8477139.25000000,63578544.37500000
1782945000000,8494124.88000000,63425630.47896000
1782945300000,8475929.22000000,63284591.04993349
1782945600000,8474293.62000000,63231727.41264857
1782945900000,8468111.30000000,63121301.63020000
1782946200000,8466544.46000000,63041943.89638276
1782946500000,8464585.70000000,63018840.53650000
1782946800000,8461689.81000000,62975594.33986975
1782947100000,8429577.02000000,62614898.10456000
1782947400000,8426668.97000000,62635430.45401000
1782947700000,8424228.48000000,62470818.98943880
1782948000000,8421233.53000000,62493974.02613000
1782948300000,8418583.19000000,62383771.65169226
1782948600000,8407454.10000000,62299234.88100000
1782948900000,8408304.99000000,62187823.70604000
1782949200000,8399655.43000000,62067048.05046909
1782949500000,8399584.80000000,62081331.25680000
1782949800000,8493233.64000000,62467733.42220000
1782950100000,8484987.70000000,62457994.45970000
1782950400000,8487920.42000000,62428654.68910000
1782950700000,8477867.07000000,62207916.84463156
1782951000000,8480813.49000000,62341035.10351554
1782951300000,8479348.76000000,62349776.30268651
1782951600000,8479650.64000000,62172798.49248000
1782951900000,8475732.24000000,62220063.63981832
1782952200000,8472414.92000000,62095072.48781338
1782952500000,8469599.01000000,61987811.52772835
1782952800000,8466184.42000000,61957418.68707628
1782953100000,8457639.59000000,61837103.38261081
1782953400000,8455478.21000000,62014385.84723634
1782953700000,8454302.32000000,62029416.65789103
1782954000000,8456294.06000000,62060742.10634000
1782954300000,8465595.65000000,62155389.08091344
1782954600000,8471231.64000000,62339793.63876000
1782954900000,8467062.85000000,62393786.14165000
1782955200000,8452653.13000000,62371685.20345824
1782955500000,8452152.98000000,62389427.76134583
1782955800000,8459354.23000000,62555942.31523036
1782956100000,8472779.28000000,62678946.00283793
1782956400000,8499589.36000000,63043368.05066030
1782956700000,8504212.75000000,63118267.03050000
1782957000000,8492041.58000000,63019906.52350149
1782957300000,8485821.39000000,62879936.49990000
1782957600000,8468455.16000000,62876821.46439055
1782957900000,8460165.83000000,62842581.57824854
1782958200000,8455053.02000000,62692629.26973648
1782958500000,8455511.56000000,62646885.14804000
1782958800000,8465115.77000000,62599531.11915000
1782959100000,8473016.68000000,62717269.46536000
1782959400000,8491642.78000000,62846648.21478000
1782959700000,8505046.49000000,63010742.91741056
1782960000000,8513390.86000000,63135306.61776000
1782960300000,8519728.67000000,63159777.56464676
1782960600000,8536605.39000000,63239172.72912000
1782960900000,8543593.88000000,63299191.87575144
1782961200000,8552630.03000000,63355408.98637232
1782961500000,8555036.68000000,63444152.01888000
1782961800000,8554734.13000000,63412259.82381629
1782962100000,8554768.27000000,63527709.17302000
1782962400000,8548337.37000000,63359450.64608331
1782962700000,8545772.03000000,63358353.83042000
1782963000000,8530478.86000000,63680024.68990000
1782963300000,8523776.85000000,63740041.94055176
1782963600000,8522045.55000000,63883910.87226386
1782963900000,8523372.68000000,63953558.94474179
1782964200000,8541478.93000000,64078174.93286000
1782964500000,8541814.71000000,64319864.76630000
1782964800000,8543901.14000000,64369751.18876000
1782965100000,8542072.17000000,64204948.66160090
1782965400000,8535370.70000000,64127778.39896126
1782965700000,8536642.90000000,64152871.39350000
1782966000000,8540272.64000000,64094746.16320000
1782966300000,8536720.96000000,64016870.47904000
1782966600000,8532736.18000000,64046717.76708000
1782966900000,8527929.24000000,63942413.44152000
1782967200000,8529599.52000000,63920818.80288000
1782967500000,8534954.82000000,64075828.75502392
1782967800000,8530988.62000000,64008007.61586000
1782968100000,8532764.28000000,64072526.97852000
1782968400000,8532720.12000000,64063662.66096000
1782968700000,8528565.93000000,63920796.71929753
1782969000000,8527827.59000000,64079957.02740531
1782969300000,8531899.27000000,64074563.51770000
1782969600000,8531275.99000000,64112539.06485000
1782969900000,8530925.45000000,64023516.59610834
1782970200000,8531035.77000000,63982768.27500000
1782970500000,8528810.42000000,63938999.85922133
1782970800000,8525427.62000000,63719046.03188000
1782971100000,8526731.61000000,63703211.85831000
1782971400000,8529958.76000000,63703526.29650517
1782971700000,8536511.03000000,63836029.48234000
1782972000000,8546985.19000000,63914355.25082000
1782972300000,8548448.72000000,63856911.93840000
1782972600000,8544850.90000000,63779174.70698793
1782972900000,8541167.78000000,63742735.14214000
1782973200000,8547606.59000000,63872351.55110556
1782973500000,8546893.24000000,63836745.60956000
1782973800000,8547654.68000000,63786326.68341286
1782974100000,8548808.66000000,63971227.10123029
1782974400000,8550246.99000000,63930196.74423000
1782974700000,8553231.03000000,63935401.94925000
1782975000000,8544789.48000000,63651750.86180488
1782975300000,8546063.83000000,63659629.46967000
1782975600000,8545105.49000000,63592675.05658000
1782975900000,8562899.55000000,63699409.75245000
1782976200000,8565737.19000000,63737650.43079000
1782976500000,8566846.24000000,63677368.10192000
1782976800000,8566302.41000000,63664759.51112000
1782977100000,8565381.54000000,63693068.61635068
1782977400000,8563184.90000000,63670815.64180891
1782977700000,8562290.70000000,63729871.17447462
1782978000000,8568392.58000000,63813486.40396262
1782978300000,8570724.47000000,63851897.30150000
1782978600000,8572902.38000000,63893093.70959441
1782978900000,8560161.12000000,63756080.02176000
1782979200000,8557560.04000000,63753822.29800000
1782979500000,8556089.97000000,63828431.17620000
1782979800000,8555728.83000000,63919850.08893000
1782980100000,8555102.59000000,63829620.42399000
1782980400000,8551865.49000000,63888576.73250164
1782980700000,8552930.10000000,63898940.77710000
1782981000000,8553135.95000000,63920150.38194684
1782981300000,8554787.80000000,63981257.95620000
1782981600000,8554850.86000000,64075832.94140000
1782981900000,8557529.18000000,64111808.25194192
1782982200000,8552836.98000000,64104564.56534995
1782982500000,8551967.60000000,64122653.06480000
1782982800000,8552321.18000000,64148439.17718723
1782983100000,8552751.03000000,64085763.46779000
1782983400000,8555006.70000000,64034225.14950000
1782983700000,8551319.43000000,64034306.21249213
1782984000000,8547909.61000000,64007093.26454011
1782984300000,8551656.39000000,64069009.67388000
1782984600000,8551840.94000000,64217796.47091595
1782984900000,8564151.06000000,64569462.04994609
1782985200000,8583403.74000000,65195272.03324060
1782985500000,8594907.91000000,65192376.49735000
1782985800000,8586614.98000000,65149706.40551588
1782986100000,8585073.72000000,65186464.75596000
1782986400000,8595372.47000000,65206287.26281137
1782986700000,8606537.38000000,65365262.04777075
1782987000000,8610267.90000000,65394984.70050000
1782987300000,8636024.32000000,65841049.41568000
1782987600000,8632470.70000000,65836778.36591430
1782987900000,8661745.26000000,66203156.00571863
1782988200000,8659503.13000000,66153052.56552845
1782988500000,8682539.98000000,66503406.78774497
1782988800000,8684494.53000000,66436383.15450000
1782989100000,8682240.12000000,66254174.35572000
1782989400000,8687460.21000000,66389570.92482000
1782989700000,8691231.68000000,66419322.11270049
1782990000000,8691608.69000000,66328734.48583800
1782990300000,8691697.65000000,66276404.01079263
1782990600000,8695857.09000000,66349426.81496835
1782990900000,8695777.77000000,66496667.56450551
1782991200000,8691448.53000000,66450510.67283758
1782991500000,8694445.35000000,66588732.86877252
1782991800000,8686839.77000000,66454324.24050000
1782992100000,8692542.64000000,66385958.91053818
1782992400000,8690431.21000000,66438346.60045000
1782992700000,8695363.76000000,66554314.21904000
1782993000000,8693592.34000000,66499435.47371168
1782993300000,8694590.18000000,66468945.89827484
1782993600000,8710321.19000000,66677508.70945000
1782993900000,8710860.53000000,66626604.75357962
1782994200000,8707385.82000000,66681160.60956000
1782994500000,8712616.75000000,66904095.76444233
1782994800000,8706273.29000000,66559459.30205000
1782995100000,8698670.93000000,66605723.31101000
1782995400000,8681703.84000000,66692848.89888000
1782995700000,8694644.42000000,66887899.52306000
1782996000000,8695579.20000000,66947264.26080000
1782996300000,8702117.31000000,67032409.63893000
1782996600000,8736857.37000000,67474749.46851000
1782996900000,8746944.26000000,67717248.41779806
1782997200000,8764861.18000000,67813730.94966000
1782997500000,8782949.00000000,67980025.26000000
1782997800000,8780732.25000000,67923518.34395343
1782998100000,8781145.96000000,67930945.14656000
1782998400000,8786531.86000000,68174744.37080334
1782998700000,8796247.73000000,68426011.09167000
1782999000000,8811096.34000000,68515085.13984000
1782999300000,8778566.82000000,69223874.90392616
1782999600000,8747948.63000000,69050120.81074373
1782999900000,8758046.63000000,69141194.70149086
1783000200000,8774055.78000000,69209751.99264000
1783000500000,8775247.86000000,69152192.08078513
1783000800000,8778301.88000000,69120349.00312000
1783001100000,8751880.15000000,69087341.90410000
1783001400000,8768713.03000000,69036077.68519000
1783001700000,8782616.88000000,69484291.83017452
1783002000000,8819932.67000000,69606908.63164000
1783002300000,8815593.43000000,69466876.22840000
1783002600000,8782518.25000000,68984851.98214962
1783002900000,8761744.51000000,68683315.21389000
1783003200000,8755117.18000000,68351199.82426000
1783003500000,8756112.09000000,68175088.73274000
1783003800000,8779783.39000000,68521355.98248984
1783004100000,8783451.91000000,68308905.50407000
1783004400000,8783505.50000000,68485773.67631422
1783004700000,8777545.67000000,68254195.12992000
1783005000000,8773570.57000000,68077882.99933456
1783005300000,8767823.69000000,68161061.36606000
1783005600000,8767691.06000000,67984676.47924000
1783005900000,8759495.94000000,68192675.89290000
1783006200000,8758106.88000000,68138071.52640000
1783006500000,8765525.14000000,68263381.37459336
1783006800000,8765792.74000000,68215399.10268000
1783007100000,8763807.78000000,68395324.32426609
1783007400000,8764549.30000000,68179429.00470000
1783007700000,8764988.68000000,68221885.06185219
1783008000000,8769604.83000000,68253834.39189000
1783008300000,8773701.10000000,68335980.28263890
1783008600000,8775370.61000000,68325035.56946000
1783008900000,8784281.12000000,68547424.78766430
1783009200000,8780778.83000000,68239646.44711389
1783009500000,8782267.94000000,68238221.89380000
1783009800000,8766233.24000000,67736684.24548000
1783010100000,8763773.06000000,67866658.57664000
1783010400000,8759179.59000000,67890491.67612298
1783010700000,8759601.92000000,68051219.60917363
1783011000000,8766738.95000000,68402371.16080551
1783011300000,8769090.94000000,68249834.78602000
1783011600000,8774681.73000000,68188051.72383000
1783011900000,8782749.65000000,68224399.28120000
1783012200000,8786130.64000000,68236237.91795786
1783012500000,8790368.70000000,68327535.90510000
1783012800000,8792585.45000000,68388729.63010000
1783013100000,8794212.04000000,68418969.67120000
1783013400000,8795890.97000000,68509019.27761640
1783013700000,8843114.50000000,68752728.46527146
1783014000000,8802603.91000000,68264193.32205000
1783014300000,8811144.80000000,68427350.51680000
1783014600000,8812361.22000000,68327495.49146526
1783014900000,8811651.96000000,68421105.40707330
1783015200000,8808783.12000000,68291851.30884303
1783015500000,8806255.43000000,68290678.45402013
1783015800000,8801588.86000000,68405948.61992000
1783016100000,8802162.00000000,68383996.57800000
1783016400000,8794611.01000000,68281359.88164000
1783016700000,8793793.41000000,68327774.79570000
1783017000000,8791482.50000000,68344984.95500000
1783017300000,8785215.41000000,68217197.65865000
1783017600000,8785173.34000000,68287152.37182000
1783017900000,8784072.21000000,68278593.28833000
1783018200000,8799539.74000000,68461939.73766707
1783018500000,8795717.81000000,68302345.18774815
1783018800000,8796361.04000000,68233372.58728000
1783019100000,8800894.59000000,68236536.81765027
1783019400000,8796692.30000000,68147975.24810000
1783019700000,8800260.71000000,68246021.80605000
1783020000000,8789382.73000000,67965351.41683100
1783020300000,8782958.47000000,67837737.07706271
1783020600000,8784032.28000000,67900569.52440000
1783020900000,8785474.09000000,67938636.83464666
1783021200000,8789006.15000000,67943232.92262967
1783021500000,8788722.53000000,68014830.43047449
1783021800000,8783128.75000000,68017506.13753990
1783022100000,8784379.92000000,68112297.00152406
1783022400000,8771108.43000000,67905921.46506000
1783022700000,8766229.21000000,67825086.56295360
1783023000000,8764219.16000000,67799999.42176000
1783023300000,8760750.55000000,67789403.34226187
1783023600000,8757790.43000000,67707291.41306095
1783023900000,8749521.53000000,67563805.25466000
1783024200000,8758290.61000000,67573263.35701562
1783024500000,8751845.86000000,67599087.63683031
1783024800000,8750830.50000000,67582663.95150000
1783025100000,8754522.26000000,67597210.81288740
1783025400000,8749081.17000000,67665393.76878000
1783025700000,8744795.56000000,67563369.16709232
1783026000000,8740594.32000000,67708683.06838499
1783026300000,8736984.59000000,67624260.72660000
1783026600000,8733965.65000000,67592160.16535000
1783026900000,8730653.67000000,67627379.83669224
1783027200000,8729553.58000000,67542554.41786553
1783027500000,8727357.87000000,67541022.55593000
1783027800000,8723116.95000000,67473481.45365392
1783028100000,8718194.66000000,67432165.40848659
1783028400000,8718470.20000000,67443319.53252906
1783028700000,8716357.90000000,67353612.03497677
1783029000000,8713513.71000000,67294466.38233000
1783029300000,8720426.70000000,67384878.58608472
1783029600000,8720737.57000000,67472346.57909000
1783029900000,8714803.61000000,67321857.88725000
1783030200000,8712211.94000000,67249356.78846006
1783030500000,8707645.41000000,67113155.41661550
1783030800000,8699512.70000000,67061720.41242885
1783031100000,8694040.35000000,66991043.29831938
1783031400000,8684167.50000000,66871432.54659578
1783031700000,8673338.71000000,66793381.40571000
1783032000000,8670776.38000000,66756307.34962000
1783032300000,8666256.01000000,66704172.50897000
1783032600000,8664201.98000000,66672963.75388095
1783032900000,8665929.95000000,66961640.72365000
1783033200000,8655685.07000000,66724409.54038072
1783033500000,8657824.93000000,66661502.25702282
1783033800000,8650798.61000000,66671704.88727000
1783034100000,8645449.00000000,66569957.30000000
1783034400000,8646043.26000000,66646610.40933482
1783034700000,8642867.83000000,66812812.94087365
1783035000000,8638930.22000000,66874148.37114903
1783035300000,8630401.40000000,66897463.92958678
1783035600000,8629440.85000000,66817760.50155000
1783035900000,8626224.11000000,66814271.50809720
1783036200000,8639822.46000000,66979216.47704584
1783036500000,8643551.64000000,66961594.55508000
1783036800000,8638870.43000000,66908051.48035000
1783037100000,8635975.07000000,66891299.19829547
1783037400000,8642700.42000000,66847077.45719039
1783037700000,8644241.99000000,66979317.01538111
1783038000000,8643079.05000000,66975219.55845000
1783038300000,8642183.47000000,66838680.14296453
1783038600000,8642789.41000000,66784074.70277349
1783038900000,8650813.71000000,66855749.76009193
1783039200000,8659902.42000000,66969059.88473553
1783039500000,8657881.09000000,66918050.02521284
1783039800000,8657114.90000000,66919498.17700000
1783040100000,8656685.72000000,66890210.55844000
1783040400000,8656630.63000000,66887578.38942872
1783040700000,8657076.99000000,67047626.63675122
1783041000000,8650214.24000000,67221462.24107373
1783041300000,8641431.37000000,67314341.74613424
1783041600000,8627316.40000000,67094639.64280000
1783041900000,8628785.68000000,67183725.30448000
1783042200000,8644278.32000000,67269773.88624000
1783042500000,8644019.37000000,67471270.24465992
1783042800000,8648048.43000000,67653682.86789000
1783043100000,8649476.17000000,67570887.28261054
1783043400000,8651181.95000000,67647703.14127174
1783043700000,8648369.61000000,67596621.59739000
1783044000000,8648982.46000000,67539904.03014000
1783044300000,8647080.33000000,67412638.25268000
1783044600000,8646681.03000000,67439379.10020460
1783044900000,8643522.97000000,67126614.73966329
1783045200000,8650494.58000000,67179740.90828000
1783045500000,8648588.93000000,67274404.48534800
1783045800000,8644896.86000000,67056701.64340746
1783046100000,8628033.71000000,67014180.35959759
1783046400000,8629497.34000000,66973528.85574000
1783046700000,8625790.27000000,66944758.28547000
1783047000000,8642447.89000000,67074740.18675658
1783047300000,8637683.97000000,67133395.24773179
1783047600000,8635811.79000000,67177979.91441000
1783047900000,8631042.43000000,67080461.76596000
1783048200000,8627201.59000000,66929829.93522000
1783048500000,8627000.45000000,66816118.48525000
1783048800000,8626664.04000000,66994672.93464000
1783049100000,8620580.72000000,67111220.90520000
1783049400000,8618047.33000000,67084858.17240176
1783049700000,8620627.60000000,67163309.63160000
1783050000000,8617556.62000000,67001502.72050000
1783050300000,8623142.79000000,66920317.93045174
1783050600000,8628505.03000000,67052112.58813000
1783050900000,8627309.15000000,67034192.09550000
1783051200000,8629847.12000000,66984873.34544000
1783051500000,8646353.25000000,67009237.68750000
1783051800000,8650790.39000000,66905212.87626000
1783052100000,8650325.79000000,66979472.59197000
1783052400000,8649377.97000000,66920237.35389000
1783052700000,8650357.15000000,66953764.34100000
1783053000000,8648963.38000000,66968923.45134000
1783053300000,8650168.05000000,66874449.19455000
1783053600000,8650417.44000000,66980182.23792000
1783053900000,8649722.02000000,67026695.93298000
1783054200000,8648465.63000000,66922528.17604862
1783054500000,8645358.35000000,66865726.26935253
1783054800000,8639859.30000000,66787562.67578210
1783055100000,8636495.14000000,66884453.35737203
1783055400000,8633497.36000000,66788735.57696000
1783055700000,8630340.22000000,66772942.28214000
1783056000000,8634862.05000000,66885641.43930000
1783056300000,8629574.23000000,66827422.83712000
1783056600000,8625356.11000000,66850203.83376123
1783056900000,8630032.23000000,67107130.62048000
1783057200000,8620932.43000000,67018819.13313644
1783057500000,8622011.44000000,66948223.74415090
1783057800000,8619567.41000000,66999897.47793000
1783058100000,8624444.55000000,67063680.82080000
1783058400000,8625333.62000000,67036092.89464000
1783058700000,8620539.58000000,67162623.86778000
1783059000000,8631112.44000000,67374463.70664000
1783059300000,8610759.25000000,67103646.83525000
1783059600000,8605509.33000000,67002495.64338000
1783059900000,8606411.73000000,66966489.67113000
1783060200000,8606284.71000000,66991320.18264000
1783060500000,8598350.93000000,66920965.28819000
1783060800000,8599986.61000000,66744496.08021000
1783061100000,8578190.67000000,66643963.31523000
1783061400000,8576723.77000000,66673011.19620533
1783061700000,8574870.02000000,66728225.44280940
1783062000000,8574843.33000000,66635107.51743000
1783062300000,8572732.57000000,66567268.40605000
1783062600000,8570025.98000000,66584279.76808184
1783062900000,8568266.45000000,66575325.09818799
1783063200000,8567052.36000000,66575563.92158198
1783063500000,8565976.27000000,66631021.36452224
1783063800000,8565047.90000000,66619979.10829686
1783064100000,8557249.49000000,66507891.00837851
1783064400000,8552214.74000000,66501166.34019956
1783064700000,8551797.70000000,66558641.49910000
1783065000000,8550764.80000000,66475982.56472749
1783065300000,8551056.38000000,66490672.78960090
1783065600000,8548126.73000000,66376204.05845000
1783065900000,8554272.60000000,66492360.91980000
1783066200000,8556932.92000000,66444584.12380000
1783066500000,8555192.43000000,66465289.98867000
1783066800000,8552928.56000000,66467754.92235392
1783067100000,8549412.25000000,66480471.34788431
1783067400000,8548355.73000000,66506207.57940000
1783067700000,8546884.23000000,66488713.84177759
1783068000000,8549324.77000000,66505539.95727354
1783068300000,8545628.23000000,66817422.13865062
1783068600000,8541909.03000000,66601438.53475876
1783068900000,8536521.54000000,66355454.28825586
1783069200000,8538617.24000000,66404826.27548000
1783069500000,8540939.43000000,66516836.28084000
1783069800000,8540934.51000000,66608891.44432753
1783070100000,8544294.19000000,66719363.35210434
1783070400000,8547113.42000000,66611606.38353633
1783070700000,8550871.94000000,66645495.90036000
1783071000000,8552601.96000000,66608227.16779304
1783071300000,8544467.99000000,66440572.42457049
1783071600000,8535934.71000000,66272997.08844000
1783071900000,8534371.50000000,66354738.41250000
1783072200000,8530331.85000000,66478572.70475165
1783072500000,8529822.52000000,66455847.25332000
1783072800000,8528649.07000000,66428227.92730581
1783073100000,8526980.60000000,66536943.28777129
1783073400000,8528842.90000000,66472914.73351526
1783073700000,8530464.68000000,66614398.68612000
1783074000000,8529018.81000000,66528384.47117408
1783074300000,8528742.62000000,66633849.89136239
1783074600000,8526703.32000000,66702881.21069761
1783074900000,8523187.02000000,66627571.78345007
1783075200000,8526889.87000000,66735917.93356633
1783075500000,8586603.15000000,67595974.23093963
1783075800000,8590076.70000000,67543773.09210000
1783076100000,8592583.39000000,67659708.35769875
1783076400000,8590645.46000000,67385022.98824000
1783076700000,8588003.54000000,67453892.99825059
1783077000000,8590306.80000000,67525909.01957278
1783077300000,8584220.17000000,67497723.19671000
1783077600000,8580032.89000000,67430478.48251000
1783077900000,8578587.47000000,67512867.44631965
1783078200000,8576123.46000000,67326531.24427728
1783078500000,8571312.18000000,67341743.35404973
1783078800000,8568464.78000000,67195651.68485315
1783079100000,8566174.26000000,67210203.24396000
1783079400000,8566537.10000000,67427213.51410000
1783079700000,8559252.89000000,67403533.96599830
1783080000000,8554002.26000000,67351592.67786749
1783080300000,8553965.27000000,67430908.22341000
1783080600000,8556255.81000000,67298175.94283920
1783080900000,8545255.76000000,67259708.08696000
1783081200000,8530453.70000000,66844635.19320000
1783081500000,8528185.48000000,66926571.17499321
1783081800000,8529923.67000000,66917251.19115000
1783082100000,8547307.05000000,67053623.80725000
1783082400000,8542396.53000000,66921134.41602000
1783082700000,8540114.39000000,66915890.37648857
1783083000000,8538767.40000000,66923122.48736111
