timestamp,long_short_ratio,long_account,short_account
1782933300000,1.7042,0.6302,0.3698
1782933600000,1.7064,0.6305,0.3695
1782933900000,1.7049,0.6303,0.3697
1782934200000,1.7027,0.6300,0.3700
1782934500000,1.6954,0.6290,0.3710
1782934800000,1.6969,0.6292,0.3708
1782935100000,1.6991,0.6295,0.3705
1782935400000,1.6983,0.6294,0.3706
1782935700000,1.6976,0.6293,0.3707
1782936000000,1.6911,0.6284,0.3716
1782936300000,1.6911,0.6284,0.3716
1782936600000,1.6918,0.6285,0.3715
1782936900000,1.6940,0.6288,0.3712
1782937200000,1.6947,0.6289,0.3711
1782937500000,1.6925,0.6286,0.3714
1782937800000,1.6932,0.6287,0.3713
1782938100000,1.6911,0.6284,0.3716
1782938400000,1.6911,0.6284,0.3716
1782938700000,1.6903,0.6283,0.3717
1782939000000,1.6903,0.6283,0.3717
1782939300000,1.6889,0.6281,0.3719
1782939600000,1.6889,0.6281,0.3719
1782939900000,1.6896,0.6282,0.3718
1782940200000,1.6889,0.6281,0.3719
1782940500000,1.6889,0.6281,0.3719
1782940800000,1.6961,0.6291,0.3709
1782941100000,1.6961,0.6291,0.3709
1782941400000,1.6903,0.6283,0.3717
1782941700000,1.7049,0.6303,0.3697
1782942000000,1.6867,0.6278,0.3722
1782942300000,1.6903,0.6283,0.3717
1782942600000,1.6896,0.6282,0.3718
1782942900000,1.6969,0.6292,0.3708
1782943200000,1.6983,0.6294,0.3706
1782943500000,1.7100,0.6310,0.3690
1782943800000,1.7100,0.6310,0.3690
1782944100000,1.7078,0.6307,0.3693
1782944400000,1.7049,0.6303,0.3697
1782944700000,1.6969,0.6292,0.3708
1782945000000,1.6947,0.6289,0.3711
1782945300000,1.6969,0.6292,0.3708
1782945600000,1.6961,0.6291,0.3709
1782945900000,1.6976,0.6293,0.3707
1782946200000,1.6983,0.6294,0.3706
1782946500000,1.7034,0.6301,0.3699
1782946800000,1.7027,0.6300,0.3700
1782947100000,1.6925,0.6286,0.3714
1782947400000,1.6918,0.6285,0.3715
1782947700000,1.6918,0.6285,0.3715
1782948000000,1.6932,0.6287,0.3713
1782948300000,1.6947,0.6289,0.3711
1782948600000,1.7027,0.6300,0.3700
1782948900000,1.7012,0.6298,0.3702
1782949200000,1.7034,0.6301,0.3699
1782949500000,1.7042,0.6302,0.3698
1782949800000,1.7285,0.6335,0.3665
1782950100000,1.7420,0.6353,0.3647
1782950400000,1.7473,0.6360,0.3640
1782950700000,1.7533,0.6368,0.3632
1782951000000,1.7503,0.6364,0.3636
1782951300000,1.7503,0.6364,0.3636
1782951600000,1.7556,0.6371,0.3629
1782951900000,1.7525,0.6367,0.3633
1782952200000,1.7525,0.6367,0.3633
1782952500000,1.7533,0.6368,0.3632
1782952800000,1.7548,0.6370,0.3630
1782953100000,1.7518,0.6366,0.3634
1782953400000,1.7548,0.6370,0.3630
1782953700000,1.7601,0.6377,0.3623
1782954000000,1.7609,0.6378,0.3622
1782954300000,1.7632,0.6381,0.3619
1782954600000,1.7678,0.6387,0.3613
1782954900000,1.7886,0.6414,0.3586
1782955200000,1.7941,0.6421,0.3579
1782955500000,1.7964,0.6424,0.3576
1782955800000,1.7956,0.6423,0.3577
1782956100000,1.7910,0.6417,0.3583
1782956400000,1.7980,0.6426,0.3574
1782956700000,1.7878,0.6413,0.3587
1782957000000,1.7840,0.6408,0.3592
1782957300000,1.7840,0.6408,0.3592
1782957600000,1.7709,0.6391,0.3609
1782957900000,1.7709,0.6391,0.3609
1782958200000,1.7747,0.6396,0.3604
1782958500000,1.7778,0.6400,0.3600
1782958800000,1.7910,0.6417,0.3583
1782959100000,1.7925,0.6419,0.3581
1782959400000,1.7925,0.6419,0.3581
1782959700000,1.7980,0.6426,0.3574
1782960000000,1.8003,0.6429,0.3571
1782960300000,1.8027,0.6432,0.3568
1782960600000,1.8074,0.6438,0.3562
1782960900000,1.8114,0.6443,0.3557
1782961200000,1.8145,0.6447,0.3553
1782961500000,1.8090,0.6440,0.3560
1782961800000,1.8121,0.6444,0.3556
1782962100000,1.8129,0.6445,0.3555
1782962400000,1.8137,0.6446,0.3554
1782962700000,1.8114,0.6443,0.3557
1782963000000,1.8058,0.6436,0.3564
1782963300000,1.8058,0.6436,0.3564
1782963600000,1.8027,0.6432,0.3568
1782963900000,1.8043,0.6434,0.3566
1782964200000,1.8003,0.6429,0.3571
1782964500000,1.8027,0.6432,0.3568
1782964800000,1.8027,0.6432,0.3568
1782965100000,1.8121,0.6444,0.3556
1782965400000,1.8074,0.6438,0.3562
1782965700000,1.8050,0.6435,0.3565
1782966000000,1.8050,0.6435,0.3565
1782966300000,1.8050,0.6435,0.3565
1782966600000,1.8035,0.6433,0.3567
1782966900000,1.8027,0.6432,0.3568
1782967200000,1.8019,0.6431,0.3569
1782967500000,1.7949,0.6422,0.3578
1782967800000,1.7996,0.6428,0.3572
1782968100000,1.7980,0.6426,0.3574
1782968400000,1.7988,0.6427,0.3573
1782968700000,1.8019,0.6431,0.3569
1782969000000,1.8011,0.6430,0.3570
1782969300000,1.8019,0.6431,0.3569
1782969600000,1.8003,0.6429,0.3571
1782969900000,1.8011,0.6430,0.3570
1782970200000,1.7988,0.6427,0.3573
1782970500000,1.8003,0.6429,0.3571
1782970800000,1.8003,0.6429,0.3571
1782971100000,1.7949,0.6422,0.3578
1782971400000,1.7933,0.6420,0.3580
1782971700000,1.7925,0.6419,0.3581
1782972000000,1.7871,0.6412,0.3588
1782972300000,1.7917,0.6418,0.3582
1782972600000,1.7917,0.6418,0.3582
1782972900000,1.7917,0.6418,0.3582
1782973200000,1.7917,0.6418,0.3582
1782973500000,1.7925,0.6419,0.3581
1782973800000,1.7964,0.6424,0.3576
1782974100000,1.7956,0.6423,0.3577
1782974400000,1.7964,0.6424,0.3576
1782974700000,1.7980,0.6426,0.3574
1782975000000,1.7972,0.6425,0.3575
1782975300000,1.7972,0.6425,0.3575
1782975600000,1.7980,0.6426,0.3574
1782975900000,1.7964,0.6424,0.3576
1782976200000,1.7949,0.6422,0.3578
1782976500000,1.7925,0.6419,0.3581
1782976800000,1.7949,0.6422,0.3578
1782977100000,1.7941,0.6421,0.3579
1782977400000,1.7917,0.6418,0.3582
1782977700000,1.7933,0.6420,0.3580
1782978000000,1.7917,0.6418,0.3582
1782978300000,1.7988,0.6427,0.3573
1782978600000,1.8011,0.6430,0.3570
1782978900000,1.8011,0.6430,0.3570
1782979200000,1.8011,0.6430,0.3570
1782979500000,1.8043,0.6434,0.3566
1782979800000,1.8019,0.6431,0.3569
1782980100000,1.8050,0.6435,0.3565
1782980400000,1.8050,0.6435,0.3565
1782980700000,1.8098,0.6441,0.3559
1782981000000,1.8153,0.6448,0.3552
1782981300000,1.8193,0.6453,0.3547
1782981600000,1.8217,0.6456,0.3544
1782981900000,1.8233,0.6458,0.3542
1782982200000,1.8225,0.6457,0.3543
1782982500000,1.8209,0.6455,0.3545
1782982800000,1.8233,0.6458,0.3542
1782983100000,1.8241,0.6459,0.3541
1782983400000,1.8257,0.6461,0.3539
1782983700000,1.8273,0.6463,0.3537
1782984000000,1.8233,0.6458,0.3542
1782984300000,1.8281,0.6464,0.3536
1782984600000,1.8225,0.6457,0.3543
1782984900000,1.8289,0.6465,0.3535
1782985200000,1.8289,0.6465,0.3535
1782985500000,1.8153,0.6448,0.3552
1782985800000,1.8153,0.6448,0.3552
1782986100000,1.8177,0.6451,0.3549
1782986400000,1.8193,0.6453,0.3547
1782986700000,1.7925,0.6419,0.3581
1782987000000,1.7996,0.6428,0.3572
1782987300000,1.8003,0.6429,0.3571
1782987600000,1.7972,0.6425,0.3575
1782987900000,1.7941,0.6421,0.3579
1782988200000,1.8003,0.6429,0.3571
1782988500000,1.8011,0.6430,0.3570
1782988800000,1.7980,0.6426,0.3574
1782989100000,1.7910,0.6417,0.3583
1782989400000,1.7840,0.6408,0.3592
1782989700000,1.7809,0.6404,0.3596
1782990000000,1.7793,0.6402,0.3598
1782990300000,1.7809,0.6404,0.3596
1782990600000,1.7832,0.6407,0.3593
1782990900000,1.7824,0.6406,0.3594
1782991200000,1.7801,0.6403,0.3597
1782991500000,1.7778,0.6400,0.3600
1782991800000,1.7762,0.6398,0.3602
1782992100000,1.7778,0.6400,0.3600
1782992400000,1.7762,0.6398,0.3602
1782992700000,1.7755,0.6397,0.3603
1782993000000,1.7801,0.6403,0.3597
1782993300000,1.7793,0.6402,0.3598
1782993600000,1.7693,0.6389,0.3611
1782993900000,1.7785,0.6401,0.3599
1782994200000,1.7840,0.6408,0.3592
1782994500000,1.7824,0.6406,0.3594
1782994800000,1.7902,0.6416,0.3584
1782995100000,1.7847,0.6409,0.3591
1782995400000,1.7824,0.6406,0.3594
1782995700000,1.7878,0.6413,0.3587
1782996000000,1.7941,0.6421,0.3579
1782996300000,1.7910,0.6417,0.3583
1782996600000,1.7847,0.6409,0.3591
1782996900000,1.7902,0.6416,0.3584
1782997200000,1.7910,0.6417,0.3583
1782997500000,1.8003,0.6429,0.3571
1782997800000,1.8043,0.6434,0.3566
1782998100000,1.8082,0.6439,0.3561
1782998400000,1.8169,0.6450,0.3550
1782998700000,1.8121,0.6444,0.3556
1782999000000,1.7917,0.6418,0.3582
1782999300000,1.7785,0.6401,0.3599
1782999600000,1.7670,0.6386,0.3614
1782999900000,1.7685,0.6388,0.3612
1783000200000,1.7632,0.6381,0.3619
1783000500000,1.7609,0.6378,0.3622
1783000800000,1.7609,0.6378,0.3622
1783001100000,1.7747,0.6396,0.3604
1783001400000,1.7778,0.6400,0.3600
1783001700000,1.7855,0.6410,0.3590
1783002000000,1.7732,0.6394,0.3606
1783002300000,1.7663,0.6385,0.3615
1783002600000,1.7632,0.6381,0.3619
1783002900000,1.7594,0.6376,0.3624
1783003200000,1.7594,0.6376,0.3624
1783003500000,1.7601,0.6377,0.3623
1783003800000,1.7563,0.6372,0.3628
1783004100000,1.7571,0.6373,0.3627
1783004400000,1.7510,0.6365,0.3635
1783004700000,1.7533,0.6368,0.3632
1783005000000,1.7541,0.6369,0.3631
1783005300000,1.7518,0.6366,0.3634
1783005600000,1.7510,0.6365,0.3635
1783005900000,1.7571,0.6373,0.3627
1783006200000,1.7601,0.6377,0.3623
1783006500000,1.7617,0.6379,0.3621
1783006800000,1.7624,0.6380,0.3620
1783007100000,1.7624,0.6380,0.3620
1783007400000,1.7701,0.6390,0.3610
1783007700000,1.7647,0.6383,0.3617
1783008000000,1.7632,0.6381,0.3619
1783008300000,1.7732,0.6394,0.3606
1783008600000,1.7747,0.6396,0.3604
1783008900000,1.7762,0.6398,0.3602
1783009200000,1.7878,0.6413,0.3587
1783009500000,1.7809,0.6404,0.3596
1783009800000,1.7871,0.6412,0.3588
1783010100000,1.7762,0.6398,0.3602
1783010400000,1.7770,0.6399,0.3601
1783010700000,1.7809,0.6404,0.3596
1783011000000,1.7801,0.6403,0.3597
1783011300000,1.7801,0.6403,0.3597
1783011600000,1.7793,0.6402,0.3598
1783011900000,1.7832,0.6407,0.3593
1783012200000,1.7824,0.6406,0.3594
1783012500000,1.7832,0.6407,0.3593
1783012800000,1.7832,0.6407,0.3593
1783013100000,1.7878,0.6413,0.3587
1783013400000,1.7886,0.6414,0.3586
1783013700000,1.7824,0.6406,0.3594
1783014000000,1.7941,0.6421,0.3579
1783014300000,1.7964,0.6424,0.3576
1783014600000,1.7964,0.6424,0.3576
1783014900000,1.7964,0.6424,0.3576
1783015200000,1.7988,0.6427,0.3573
1783015500000,1.8043,0.6434,0.3566
1783015800000,1.8066,0.6437,0.3563
1783016100000,1.8090,0.6440,0.3560
1783016400000,1.8121,0.6444,0.3556
1783016700000,1.8114,0.6443,0.3557
1783017000000,1.8121,0.6444,0.3556
1783017300000,1.8153,0.6448,0.3552
1783017600000,1.8169,0.6450,0.3550
1783017900000,1.8217,0.6456,0.3544
1783018200000,1.8209,0.6455,0.3545
1783018500000,1.8225,0.6457,0.3543
1783018800000,1.8273,0.6463,0.3537
1783019100000,1.8249,0.6460,0.3540
1783019400000,1.8265,0.6462,0.3538
1783019700000,1.8233,0.6458,0.3542
1783020000000,1.8273,0.6463,0.3537
1783020300000,1.8321,0.6469,0.3531
1783020600000,1.8337,0.6471,0.3529
1783020900000,1.8353,0.6473,0.3527
1783021200000,1.8337,0.6471,0.3529
1783021500000,1.8337,0.6471,0.3529
1783021800000,1.8385,0.6477,0.3523
1783022100000,1.8313,0.6468,0.3532
1783022400000,1.8313,0.6468,0.3532
1783022700000,1.8281,0.6464,0.3536
1783023000000,1.8281,0.6464,0.3536
1783023300000,1.8281,0.6464,0.3536
1783023600000,1.8313,0.6468,0.3532
1783023900000,1.8297,0.6466,0.3534
1783024200000,1.8329,0.6470,0.3530
1783024500000,1.8321,0.6469,0.3531
1783024800000,1.8321,0.6469,0.3531
1783025100000,1.8305,0.6467,0.3533
1783025400000,1.8289,0.6465,0.3535
1783025700000,1.8321,0.6469,0.3531
1783026000000,1.8249,0.6460,0.3540
1783026300000,1.8281,0.6464,0.3536
1783026600000,1.8281,0.6464,0.3536
1783026900000,1.8353,0.6473,0.3527
1783027200000,1.8369,0.6475,0.3525
1783027500000,1.8401,0.6479,0.3521
1783027800000,1.8458,0.6486,0.3514
1783028100000,1.8433,0.6483,0.3517
1783028400000,1.8450,0.6485,0.3515
1783028700000,1.8458,0.6486,0.3514
1783029000000,1.8458,0.6486,0.3514
1783029300000,1.8482,0.6489,0.3511
1783029600000,1.8498,0.6491,0.3509
1783029900000,1.8514,0.6493,0.3507
1783030200000,1.8523,0.6494,0.3506
1783030500000,1.8563,0.6499,0.3501
1783030800000,1.8580,0.6501,0.3499
1783031100000,1.8604,0.6504,0.3496
1783031400000,1.8604,0.6504,0.3496
1783031700000,1.8653,0.6510,0.3490
1783032000000,1.8653,0.6510,0.3490
1783032300000,1.8662,0.6511,0.3489
1783032600000,1.8678,0.6513,0.3487
1783032900000,1.8629,0.6507,0.3493
1783033200000,1.8703,0.6516,0.3484
1783033500000,1.8694,0.6515,0.3485
1783033800000,1.8727,0.6519,0.3481
1783034100000,1.8785,0.6526,0.3474
1783034400000,1.8810,0.6529,0.3471
1783034700000,1.8727,0.6519,0.3481
1783035000000,1.8711,0.6517,0.3483
1783035300000,1.8727,0.6519,0.3481
1783035600000,1.8760,0.6523,0.3477
1783035900000,1.8752,0.6522,0.3478
1783036200000,1.8744,0.6521,0.3479
1783036500000,1.8769,0.6524,0.3476
1783036800000,1.8794,0.6527,0.3473
1783037100000,1.8752,0.6522,0.3478
1783037400000,1.8777,0.6525,0.3475
1783037700000,1.8810,0.6529,0.3471
1783038000000,1.8827,0.6531,0.3469
1783038300000,1.8852,0.6534,0.3466
1783038600000,1.8860,0.6535,0.3465
1783038900000,1.8818,0.6530,0.3470
1783039200000,1.8810,0.6529,0.3471
1783039500000,1.8893,0.6539,0.3461
1783039800000,1.8902,0.6540,0.3460
1783040100000,1.8969,0.6548,0.3452
1783040400000,1.9002,0.6552,0.3448
1783040700000,1.9061,0.6559,0.3441
1783041000000,1.9112,0.6565,0.3435
1783041300000,1.9189,0.6574,0.3426
1783041600000,1.9214,0.6577,0.3423
1783041900000,1.9283,0.6585,0.3415
1783042200000,1.9300,0.6587,0.3413
1783042500000,1.9265,0.6583,0.3417
1783042800000,1.9360,0.6594,0.3406
1783043100000,1.9334,0.6591,0.3409
1783043400000,1.9386,0.6597,0.3403
1783043700000,1.9412,0.6600,0.3400
1783044000000,1.9394,0.6598,0.3402
1783044300000,1.9455,0.6605,0.3395
1783044600000,1.9568,0.6618,0.3382
1783044900000,1.9691,0.6632,0.3368
1783045200000,1.9744,0.6638,0.3362
1783045500000,1.9735,0.6637,0.3363
1783045800000,1.9806,0.6645,0.3355
1783046100000,1.9878,0.6653,0.3347
1783046400000,1.9913,0.6657,0.3343
1783046700000,1.9958,0.6662,0.3338
1783047000000,1.9940,0.6660,0.3340
1783047300000,2.0003,0.6667,0.3333
1783047600000,2.0003,0.6667,0.3333
1783047900000,2.0120,0.6680,0.3320
1783048200000,2.0148,0.6683,0.3317
1783048500000,2.0130,0.6681,0.3319
1783048800000,2.0148,0.6683,0.3317
1783049100000,2.0048,0.6672,0.3328
1783049400000,2.0048,0.6672,0.3328
1783049700000,2.0120,0.6680,0.3320
1783050000000,2.0184,0.6687,0.3313
1783050300000,2.0230,0.6692,0.3308
1783050600000,2.0257,0.6695,0.3305
1783050900000,2.0257,0.6695,0.3305
1783051200000,2.0377,0.6708,0.3292
1783051500000,2.0441,0.6715,0.3285
1783051800000,2.0386,0.6709,0.3291
1783052100000,2.0377,0.6708,0.3292
1783052400000,2.0331,0.6703,0.3297
1783052700000,2.0349,0.6705,0.3295
1783053000000,2.0349,0.6705,0.3295
1783053300000,2.0349,0.6705,0.3295
1783053600000,2.0358,0.6706,0.3294
1783053900000,2.0349,0.6705,0.3295
1783054200000,2.0340,0.6704,0.3296
1783054500000,2.0340,0.6704,0.3296
1783054800000,2.0340,0.6704,0.3296
1783055100000,2.0377,0.6708,0.3292
1783055400000,2.0358,0.6706,0.3294
1783055700000,2.0395,0.6710,0.3290
1783056000000,2.0358,0.6706,0.3294
1783056300000,2.0377,0.6708,0.3292
1783056600000,2.0367,0.6707,0.3293
1783056900000,2.0377,0.6708,0.3292
1783057200000,2.0469,0.6718,0.3282
1783057500000,2.0441,0.6715,0.3285
1783057800000,2.0423,0.6713,0.3287
1783058100000,2.0386,0.6709,0.3291
1783058400000,2.0395,0.6710,0.3290
1783058700000,2.0395,0.6710,0.3290
1783059000000,2.0395,0.6710,0.3290
1783059300000,2.0469,0.6718,0.3282
1783059600000,2.0544,0.6726,0.3274
1783059900000,2.0553,0.6727,0.3273
1783060200000,2.0544,0.6726,0.3274
1783060500000,2.0618,0.6734,0.3266
1783060800000,2.0562,0.6728,0.3272
1783061100000,2.0609,0.6733,0.3267
1783061400000,2.0628,0.6735,0.3265
1783061700000,2.0675,0.6740,0.3260
1783062000000,2.0665,0.6739,0.3261
1783062300000,2.0722,0.6745,0.3255
1783062600000,2.0750,0.6748,0.3252
1783062900000,2.0741,0.6747,0.3253
1783063200000,2.0750,0.6748,0.3252
1783063500000,2.0788,0.6752,0.3248
1783063800000,2.0788,0.6752,0.3248
1783064100000,2.0855,0.6759,0.3241
1783064400000,2.0855,0.6759,0.3241
1783064700000,2.0893,0.6763,0.3237
1783065000000,2.0912,0.6765,0.3235
1783065300000,2.0998,0.6774,0.3226
1783065600000,2.1017,0.6776,0.3224
1783065900000,2.1027,0.6777,0.3223
1783066200000,2.1095,0.6784,0.3216
1783066500000,2.1114,0.6786,0.3214
1783066800000,2.1143,0.6789,0.3211
1783067100000,2.1172,0.6792,0.3208
1783067400000,2.1221,0.6797,0.3203
1783067700000,2.1279,0.6803,0.3197
1783068000000,2.1328,0.6808,0.3192
1783068300000,2.1397,0.6815,0.3185
1783068600000,2.1476,0.6823,0.3177
1783068900000,2.1516,0.6827,0.3173
1783069200000,2.1586,0.6834,0.3166
1783069500000,2.1776,0.6853,0.3147
1783069800000,2.1827,0.6858,0.3142
1783070100000,2.1878,0.6863,0.3137
1783070400000,2.1928,0.6868,0.3132
1783070700000,2.1969,0.6872,0.3128
1783071000000,2.2000,0.6875,0.3125
1783071300000,2.2123,0.6887,0.3113
1783071600000,2.2196,0.6894,0.3106
1783071900000,2.2258,0.6900,0.3100
1783072200000,2.2300,0.6904,0.3096
1783072500000,2.2342,0.6908,0.3092
1783072800000,2.2478,0.6921,0.3079
1783073100000,2.2637,0.6936,0.3064
1783073400000,2.2680,0.6940,0.3060
1783073700000,2.2680,0.6940,0.3060
1783074000000,2.2701,0.6942,0.3058
1783074300000,2.2723,0.6944,0.3056
1783074600000,2.2680,0.6940,0.3060
1783074900000,2.2755,0.6947,0.3053
1783075200000,2.2808,0.6952,0.3048
1783075500000,2.2573,0.6930,0.3070
1783075800000,2.2563,0.6929,0.3071
1783076100000,2.2552,0.6928,0.3072
1783076400000,2.2563,0.6929,0.3071
1783076700000,2.2595,0.6932,0.3068
1783077000000,2.2605,0.6933,0.3067
1783077300000,2.2680,0.6940,0.3060
1783077600000,2.2712,0.6943,0.3057
1783077900000,2.2712,0.6943,0.3057
1783078200000,2.2701,0.6942,0.3058
1783078500000,2.2744,0.6946,0.3054
1783078800000,2.2776,0.6949,0.3051
1783079100000,2.2701,0.6942,0.3058
1783079400000,2.2648,0.6937,0.3063
1783079700000,2.2637,0.6936,0.3064
1783080000000,2.2873,0.6958,0.3042
1783080300000,2.2971,0.6967,0.3033
1783080600000,2.3124,0.6981,0.3019
1783080900000,2.3190,0.6987,0.3013
1783081200000,2.3322,0.6999,0.3001
1783081500000,2.3278,0.6995,0.3005
1783081800000,2.3267,0.6994,0.3006
1783082100000,2.3411,0.7007,0.2993
1783082400000,2.3456,0.7011,0.2989
1783082700000,2.3467,0.7012,0.2988
1783083000000,2.3478,0.7013,0.2987
