timestamp,buy_sell_ratio,buy_vol,sell_vol
1782933000000,0.6962,10378.2270,14906.5750
1782933300000,0.4369,8302.0930,19002.1840
1782933600000,0.3579,9074.2770,25352.6360
1782933900000,0.9999,4058.7700,4059.2650
1782934200000,0.5218,7431.3410,14242.4490
1782934500000,0.4460,7915.7260,17746.7130
1782934800000,0.3814,10899.8230,28581.2430
1782935100000,0.5025,25500.4340,50748.6530
1782935400000,0.4583,25664.3100,55998.7740
1782935700000,0.7665,31193.1720,40697.0770
1782936000000,1.1079,47139.6910,42546.9690
1782936300000,1.3782,21799.1750,15816.9150
1782936600000,1.3854,12241.1800,8835.6940
1782936900000,1.0591,7812.2740,7376.2260
1782937200000,0.8927,4521.4000,5064.8310
1782937500000,0.3855,2717.0230,7047.3390
1782937800000,0.6448,5062.8930,7851.4810
1782938100000,1.2699,5126.7340,4037.0100
1782938400000,1.2518,8949.3420,7149.1260
1782938700000,0.4230,7464.2370,17647.3740
1782939000000,0.8420,13052.7220,15502.3380
1782939300000,1.1043,62701.0030,56779.4820
1782939600000,1.5394,15716.9220,10209.8790
1782939900000,0.4506,3217.5510,7139.9160
1782940200000,2.1114,17785.3450,8423.4420
1782940500000,0.5272,2357.3150,4470.9760
1782940800000,2.1467,2872.6920,1338.2020
1782941100000,1.6630,1312.0380,788.9380
1782941400000,8.5340,6350.3190,744.1180
1782941700000,5.8018,34002.6270,5860.7020
1782942000000,0.9286,3401.9500,3663.6160
1782942300000,0.9537,2481.8970,2602.2750
1782942600000,0.0882,478.8800,5426.8000
1782942900000,2.4296,7589.4940,3123.7430
1782943200000,0.5991,17793.1750,29700.8850
1782943500000,1.0528,15800.0450,15007.6480
1782943800000,0.7806,9431.2750,12082.4730
1782944100000,1.3037,13556.1260,10398.1150
1782944400000,1.3408,14451.5220,10778.0600
1782944700000,1.2938,9755.4810,7540.2040
1782945000000,0.3631,2626.5280,7232.9150
1782945300000,0.6136,12866.8200,20970.1910
1782945600000,0.8311,6748.1980,8119.1560
1782945900000,1.9558,14600.0550,7464.8200
1782946200000,0.7313,9922.7640,13567.9380
1782946500000,2.4850,14218.8880,5721.8350
1782946800000,0.9461,7729.0260,8169.3070
1782947100000,0.6657,7259.0560,10903.7270
1782947400000,0.7319,7240.8620,9892.8380
1782947700000,1.3904,4351.5910,3129.6770
1782948000000,0.5807,3830.0040,6595.4550
1782948300000,0.6842,6585.8610,9625.3060
1782948600000,0.6899,4326.0400,6270.5490
1782948900000,0.8975,11136.1060,12408.5630
1782949200000,1.4786,8640.7330,5843.9710
1782949500000,0.9485,14090.6520,14855.0790
1782949800000,1.7236,36953.4380,21439.8940
1782950100000,0.4062,7832.6870,19281.7430
1782950400000,0.8064,54821.6270,67984.6400
1782950700000,1.4675,60007.0120,40891.8570
1782951000000,1.1700,35142.1970,30035.6460
1782951300000,0.8351,16793.4700,20110.1700
1782951600000,1.9901,8881.6850,4462.9550
1782951900000,1.4093,5506.2780,3907.0070
1782952200000,2.0110,34131.8910,16972.7360
1782952500000,0.9985,26652.2750,26693.0840
1782952800000,0.5182,7324.5700,14135.3090
1782953100000,1.4048,26118.9890,18592.9170
1782953400000,1.5730,42778.7250,27195.9100
1782953700000,0.7373,63328.4310,85886.5780
1782954000000,1.0002,208822.9170,208773.8910
1782954300000,1.2974,102745.7040,79190.5720
1782954600000,0.4593,52497.5050,114298.7800
1782954900000,0.5358,34681.4590,64725.1230
1782955200000,0.7560,27256.8830,36054.7950
1782955500000,2.5687,122868.8120,47833.7450
1782955800000,0.7656,33255.8260,43437.0620
1782956100000,1.5066,33721.7540,22383.3260
1782956400000,1.1218,32536.3680,29002.5350
1782956700000,2.8402,65773.9270,23158.0990
1782957000000,0.8918,20922.3260,23459.5230
1782957300000,1.0322,20691.6750,20046.3230
1782957600000,0.8839,15982.9870,18082.3640
1782957900000,0.7260,10580.9940,14573.7810
1782958200000,1.4747,24147.4010,16373.9380
1782958500000,1.7203,60132.0070,34953.9910
1782958800000,0.4904,7503.8020,15299.9320
1782959100000,1.0456,5298.2630,5067.3690
1782959400000,1.0133,29239.2230,28854.1030
1782959700000,0.3408,55023.4010,161475.5380
1782960000000,0.6341,61548.7960,97061.7580
1782960300000,1.0954,17859.3150,16304.3250
1782960600000,1.1396,13963.6500,12253.6160
1782960900000,1.1602,9454.8440,8148.9740
1782961200000,0.6807,11015.6890,16182.6690
1782961500000,1.1676,9545.4210,8175.1280
1782961800000,0.6881,8138.9130,11828.7040
1782962100000,0.7918,7296.9600,9215.1470
1782962400000,0.8310,15184.3510,18272.1920
1782962700000,1.6343,34173.0040,20910.3250
1782963000000,1.2167,28018.3570,23027.5110
1782963300000,0.9822,18378.1740,18712.0060
1782963600000,2.3337,30257.3750,12965.2190
1782963900000,0.9421,13380.1050,14201.8220
1782964200000,3.4139,34570.5770,10126.4290
1782964500000,0.3325,34058.6250,102426.3160
1782964800000,0.5911,48738.0250,82459.3040
1782965100000,1.1097,11220.0180,10110.4120
1782965400000,0.5257,11518.6660,21913.0500
1782965700000,0.3557,9280.4300,26090.0350
1782966000000,0.4708,7462.8740,15849.8110
1782966300000,0.6724,5505.7770,8188.6710
1782966600000,0.6339,17576.7970,27729.9040
1782966900000,0.9246,10213.0130,11046.3270
1782967200000,0.6121,13740.3850,22449.3870
1782967500000,1.0541,6383.3060,6055.8520
1782967800000,1.6978,12984.8790,7647.9920
1782968100000,1.3729,22862.5960,16652.8400
1782968400000,1.8505,121167.2970,65478.3450
1782968700000,2.9429,181217.7790,61578.5680
1782969000000,1.2122,90509.0780,74667.5040
1782969300000,1.1695,30234.1260,25851.3610
1782969600000,0.7272,11667.9730,16045.0880
1782969900000,0.3483,12949.3640,37181.4830
1782970200000,0.6375,78600.1110,123291.9470
1782970500000,1.3410,71132.1010,53045.3230
1782970800000,0.5428,56360.6420,103838.9910
1782971100000,0.5265,72886.5280,138423.1750
1782971400000,1.0421,41526.6080,39848.6570
1782971700000,1.2760,37095.4740,29070.7820
1782972000000,1.5469,122771.3540,79368.4590
1782972300000,0.5363,26464.2720,49349.3350
1782972600000,0.7687,18356.9150,23880.0730
1782972900000,1.0171,20835.0760,20484.6430
1782973200000,1.1512,24236.0340,21052.4330
1782973500000,0.8394,15254.0730,18172.6000
1782973800000,0.8046,10071.2770,12516.4130
1782974100000,1.0403,13346.7180,12829.8540
1782974400000,0.7111,23304.5710,32774.3440
1782974700000,1.2418,18911.0690,15228.2290
1782975000000,1.4737,20154.8590,13676.7690
1782975300000,1.5304,18836.0280,12308.2060
1782975600000,1.3549,17422.1120,12858.6010
1782975900000,0.7002,8250.0200,11782.4950
1782976200000,1.0441,25605.9590,24525.5830
1782976500000,1.0910,15386.7620,14102.9490
1782976800000,0.9897,17564.6020,17747.0590
1782977100000,1.1409,19159.2430,16792.3770
1782977400000,2.2242,100717.0320,45282.0910
1782977700000,1.0049,53711.9480,53447.8090
1782978000000,1.6923,63271.2730,37388.2830
1782978300000,0.7162,20986.7830,29302.2030
1782978600000,0.6857,23673.6500,34524.9280
1782978900000,0.4108,42278.6050,102905.5360
1782979200000,1.2219,167849.8970,137367.8930
1782979500000,2.8384,39008.9920,13743.1860
1782979800000,1.6091,40333.3110,25065.1770
1782980100000,0.5307,52905.3460,99687.0820
1782980400000,2.4429,61409.8900,25138.0730
1782980700000,0.3489,46848.3240,134292.7370
1782981000000,1.5901,35536.2610,22347.7870
1782981300000,1.2946,35133.8340,27138.0980
1782981600000,1.1853,43318.0450,36546.9150
1782981900000,0.5319,73096.1410,137433.0230
1782982200000,2.0650,46467.7590,22502.3770
1782982500000,0.7520,46137.7060,61351.8370
1782982800000,2.0664,49163.0130,23792.1880
1782983100000,0.7545,20356.7110,26979.2850
1782983400000,2.6997,29039.9300,10756.5730
1782983700000,0.4654,50072.6940,107598.5890
1782984000000,1.4650,14245.7410,9724.0130
1782984300000,1.0609,11878.0500,11195.7740
1782984600000,1.7047,46144.8600,27069.9540
1782984900000,1.2021,19356.6730,16102.6420
1782985200000,2.1764,33885.8540,15569.6160
1782985500000,1.3577,11639.0430,8572.7840
1782985800000,0.2609,11305.5680,43331.2510
1782986100000,1.1142,10887.3740,9771.1700
1782986400000,1.0984,12206.3780,11113.0870
1782986700000,1.1621,11599.0280,9980.8450
1782987000000,0.8315,15265.5280,18359.5690
1782987300000,5.0152,96976.3600,19336.5470
1782987600000,1.2678,64652.9840,50997.3050
1782987900000,2.4002,42831.8080,17845.3220
1782988200000,0.2730,6864.2270,25141.0520
1782988500000,0.7267,8583.1470,11810.6600
1782988800000,1.9681,20708.0080,10521.6510
1782989100000,0.5358,4328.0980,8078.5470
1782989400000,0.6344,3677.2030,5796.2930
1782989700000,1.3040,10349.4970,7936.7360
1782990000000,0.4093,45164.3410,110339.2990
1782990300000,0.8901,25207.9800,28319.0580
1782990600000,2.4725,38433.8660,15544.2280
1782990900000,0.6525,15744.5120,24129.4270
1782991200000,0.4166,16275.0310,39061.7050
1782991500000,1.1055,28063.7970,25385.9780
1782991800000,1.9126,30779.6380,16093.3880
1782992100000,1.7089,12113.2890,7088.2920
1782992400000,1.7280,20374.5970,11791.0740
1782992700000,0.7152,10855.6110,15178.3520
1782993000000,0.4366,5595.1890,12814.3220
1782993300000,0.6126,18674.1900,30485.2410
1782993600000,1.2669,35890.9410,28329.4620
1782993900000,2.0909,30615.8310,14642.2780
1782994200000,1.1202,23141.4410,20658.1790
1782994500000,0.5177,10741.8900,20750.4540
1782994800000,1.0948,43338.2990,39584.8860
1782995100000,1.1829,48275.9760,40811.9810
1782995400000,1.0602,1226444.5610,1156795.7980
1782995700000,0.7859,341730.3000,434833.3820
1782996000000,1.0327,192437.6460,186339.4180
1782996300000,0.5364,185780.1560,346365.0970
1782996600000,0.9989,149016.1190,149174.6780
1782996900000,0.7376,160015.8700,216926.8030
1782997200000,1.3073,252160.7940,192885.6110
1782997500000,0.9393,87752.9600,93425.9310
1782997800000,1.0394,44179.7670,42505.8980
1782998100000,1.1334,93294.8480,82312.7280
1782998400000,0.6459,31279.7010,48428.6970
1782998700000,0.9196,63710.8690,69282.8870
1782999000000,1.7285,201868.5340,116786.8570
1782999300000,0.6364,114657.7790,180162.2940
1782999600000,0.9742,121804.0930,125035.8450
1782999900000,1.2809,160225.7370,125084.7450
1783000200000,0.7131,86827.5500,121764.3480
1783000500000,0.5903,76400.2620,129415.9130
1783000800000,1.0411,71641.4830,68816.0860
1783001100000,1.2146,79082.5470,65111.9000
1783001400000,0.7793,46081.1940,59132.8840
1783001700000,0.9183,51481.0190,56059.9830
1783002000000,0.5715,50180.7390,87807.4880
1783002300000,0.5383,59507.5520,110547.2290
1783002600000,1.9839,126432.6270,63729.8590
1783002900000,0.7830,37862.0830,48356.9360
1783003200000,0.7857,65702.6450,83626.8870
1783003500000,1.0176,63136.2450,62047.0310
1783003800000,1.6098,56580.4570,35147.7640
1783004100000,1.1900,22731.1180,19101.7950
1783004400000,0.9058,31659.9780,34950.7540
1783004700000,0.6692,77374.8520,115627.6100
1783005000000,1.3829,54525.4690,39429.1100
1783005300000,1.3410,42848.2100,31953.5740
1783005600000,1.0668,35961.6680,33709.8960
1783005900000,0.8992,28629.1070,31838.2800
1783006200000,0.8841,64821.8710,73323.6540
1783006500000,0.9836,29582.7510,30075.6550
1783006800000,2.0175,94529.4920,46854.1970
1783007100000,0.5587,23066.1000,41284.0940
1783007400000,0.8637,27679.8680,32046.7170
1783007700000,1.1639,19419.1180,16683.8280
1783008000000,0.4039,18195.6470,45053.8580
1783008300000,0.3408,33143.2790,97257.1650
1783008600000,1.8821,54978.5880,29210.5680
1783008900000,1.2768,29341.1340,22980.7880
1783009200000,0.3622,14580.9530,40261.0430
1783009500000,1.2848,42962.7390,33437.9590
1783009800000,0.7321,78611.5180,107381.9630
1783010100000,1.0168,82987.3330,81614.0530
1783010400000,1.1410,92035.5110,80664.8490
1783010700000,1.8022,22205.4040,12321.0020
1783011000000,0.8113,27489.0390,33882.9470
1783011300000,2.8400,42908.9170,15109.0280
1783011600000,0.3648,21633.5630,59297.0080
1783011900000,1.0509,35545.2760,33822.0620
1783012200000,0.5893,15617.2840,26502.3660
1783012500000,0.8711,10838.2180,12442.3520
1783012800000,0.8273,49042.1920,59278.1150
1783013100000,0.7519,30822.0970,40992.9510
1783013400000,1.7835,68023.5600,38140.7470
1783013700000,1.2352,26789.7470,21689.2500
1783014000000,0.5686,17845.6800,31386.3210
1783014300000,0.9685,36660.1330,37850.6490
1783014600000,0.6560,9928.8600,15135.5190
1783014900000,1.2777,7403.8100,5794.6400
1783015200000,2.0772,32707.9810,15746.5220
1783015500000,1.2267,50992.8560,41568.5970
1783015800000,0.4980,36485.9300,73261.4700
1783016100000,0.5448,17377.4940,31895.7250
1783016400000,1.7184,8302.4360,4831.5110
1783016700000,1.8107,28834.1540,15923.9230
1783017000000,3.2757,29896.3270,9126.6450
1783017300000,0.4568,10809.2320,23662.2310
1783017600000,0.4803,9912.6330,20640.2610
1783017900000,2.5382,17247.9840,6795.3770
1783018200000,0.8571,3571.0190,4166.5860
1783018500000,1.9866,12791.4240,6438.8630
1783018800000,0.6403,44297.4230,69180.7110
1783019100000,0.8829,27909.4340,31611.5330
1783019400000,0.6663,10431.0980,15656.0720
1783019700000,1.0425,9628.5370,9236.4060
1783020000000,0.5167,12408.0730,24015.4970
1783020300000,1.1857,19767.8370,16671.6760
1783020600000,0.8623,6909.2620,8012.4150
1783020900000,1.4118,6658.3300,4716.2150
1783021200000,2.0129,10441.2970,5187.0800
1783021500000,2.3514,11638.7320,4949.6360
1783021800000,1.2112,14154.9940,11686.6250
1783022100000,0.6229,13435.4400,21570.1500
1783022400000,0.4850,15645.4320,32258.7550
1783022700000,1.7678,9922.5420,5612.8820
1783023000000,0.6238,3882.8940,6224.3200
1783023300000,1.1554,7464.0220,6460.2470
1783023600000,1.6227,14439.0480,8898.1970
1783023900000,1.2691,3100.1650,2442.8700
1783024200000,0.7423,3684.2610,4963.1090
1783024500000,0.2850,1775.9540,6232.0550
1783024800000,0.5866,4349.4090,7414.3150
1783025100000,0.5771,3816.0540,6611.9800
1783025400000,2.3173,22577.4600,9742.9460
1783025700000,2.7455,70735.7750,25764.2730
1783026000000,1.0857,17067.3950,15720.7170
1783026300000,3.7841,2661.5410,703.3500
1783026600000,0.2788,5676.0380,20360.7410
1783026900000,0.4323,1705.3350,3944.4570
1783027200000,7.3110,857.1000,117.2340
1783027500000,0.0530,643.4670,12137.3250
1783027800000,3.5928,10331.6900,2875.6920
1783028100000,1.7139,4750.2740,2771.5480
1783028400000,0.2289,454.8780,1987.1570
1783028700000,0.5519,659.8180,1195.4700
1783029000000,0.4177,191.4360,458.3440
1783029300000,4.5951,7258.2840,1579.5870
1783029600000,0.9869,27087.0490,27445.3950
1783029900000,0.9162,13392.0170,14617.3110
1783030200000,0.8843,10102.1370,11424.4830
1783030500000,1.3862,9486.1070,6843.3910
1783030800000,0.4066,4063.9020,9995.7150
1783031100000,0.2451,2833.0410,11557.4550
1783031400000,1.1474,10770.6560,9387.0950
1783031700000,0.3358,3941.2830,11736.0820
1783032000000,4.0642,14824.3020,3647.5630
1783032300000,0.5431,3150.9620,5802.3120
1783032600000,0.3413,2523.6620,7393.5290
1783032900000,0.8855,5590.2760,6313.0770
1783033200000,0.8476,4795.2140,5657.1290
1783033500000,1.5644,7346.7430,4696.1770
1783033800000,1.2583,905.9500,719.9940
1783034100000,0.6181,3231.5160,5228.1730
1783034400000,1.4296,3097.0680,2166.4240
1783034700000,1.5192,11748.7120,7733.6050
1783035000000,1.7041,24195.2050,14198.2760
1783035300000,0.7588,8043.4720,10600.4000
1783035600000,0.3378,17538.2650,51924.3610
1783035900000,1.0679,28126.8920,26339.2020
1783036200000,0.8428,6144.5850,7290.9360
1783036500000,1.6121,14726.2060,9134.8330
1783036800000,2.7207,80626.2370,29634.5850
1783037100000,1.0422,30841.8170,29592.2430
1783037400000,0.9011,54211.6620,60159.5470
1783037700000,1.3452,50361.7910,37438.0270
1783038000000,1.4571,18882.7320,12959.0270
1783038300000,1.3616,29237.2330,21472.9700
1783038600000,0.6181,17069.0730,27615.7620
1783038900000,1.2228,30549.3880,24982.7470
1783039200000,0.4216,10257.8430,24329.2680
1783039500000,1.5933,46909.0820,29441.5920
1783039800000,0.9312,39405.5860,42316.6810
1783040100000,1.3284,102498.2310,77161.0160
1783040400000,1.1432,184975.7310,161807.9360
1783040700000,1.3208,125156.9530,94755.6720
1783041000000,0.6568,82466.1000,125552.3800
1783041300000,1.1120,47025.0320,42289.9570
1783041600000,0.7653,137498.0500,179672.8590
1783041900000,1.1681,63365.4940,54244.8400
1783042200000,1.8221,137973.5370,75723.0450
1783042500000,0.6457,46128.8550,71438.8120
1783042800000,0.3448,18481.0570,53604.8010
1783043100000,0.6256,33632.7290,53762.0850
1783043400000,0.7647,19641.0140,25685.7870
1783043700000,1.1855,16877.9650,14236.8680
1783044000000,0.4992,15081.1210,30213.4650
1783044300000,1.6943,23227.0140,13708.5350
1783044600000,1.2045,41596.0300,34533.1080
1783044900000,0.4295,6506.1000,15146.8680
1783045200000,0.8310,5922.3300,7126.3980
1783045500000,2.0695,21429.3920,10354.9590
1783045800000,1.4723,126720.6980,86068.8200
1783046100000,2.2547,165710.0120,73495.7000
1783046400000,0.3147,15841.7580,50341.7610
1783046700000,0.5199,11763.1520,22627.7320
1783047000000,3.6116,232361.9750,64337.2210
1783047300000,0.8405,25693.2690,30569.8140
1783047600000,0.5756,34047.1170,59146.0590
1783047900000,0.8828,17695.6890,20045.5010
1783048200000,0.8406,7538.2280,8968.0140
1783048500000,0.6756,5321.7870,7877.3100
1783048800000,0.2840,5624.2940,19805.0530
1783049100000,1.7235,14937.1500,8666.8840
1783049400000,1.1347,6803.8690,5996.3930
1783049700000,2.2107,18734.1950,8474.3150
1783050000000,0.0602,1573.3650,26125.3950
1783050300000,0.7707,5619.8780,7292.1500
1783050600000,1.3016,4398.7850,3379.6300
1783050900000,0.6501,2565.4520,3946.4560
1783051200000,1.7731,6529.2980,3682.5000
1783051500000,2.7150,4344.0230,1599.9850
1783051800000,1.7365,18550.0150,10682.4510
1783052100000,1.4290,19237.0440,13461.8830
1783052400000,1.2638,66717.7670,52791.7230
1783052700000,1.0140,12919.1750,12740.8130
1783053000000,0.2813,6525.2360,23197.5740
1783053300000,0.4801,4872.7840,10148.7510
1783053600000,0.7520,6796.5490,9038.1220
1783053900000,0.6706,7059.3280,10526.5250
1783054200000,0.3228,6587.4350,20405.7420
1783054500000,1.5445,20488.6130,13265.5860
1783054800000,0.5137,10154.6850,19769.4330
1783055100000,1.7331,18592.4830,10728.1330
1783055400000,1.0383,6262.8040,6031.7580
1783055700000,0.7552,8190.3540,10844.7590
1783056000000,0.9591,12335.1170,12861.0530
1783056300000,0.6178,7983.6300,12921.9660
1783056600000,2.0090,56852.3970,28299.1500
1783056900000,0.8534,18818.0700,22051.0670
1783057200000,1.4039,8736.6810,6222.9940
1783057500000,0.8780,22231.0380,25319.0080
1783057800000,1.4786,10066.9630,6808.4760
1783058100000,3.4949,15924.9760,4556.5990
1783058400000,0.7705,17464.9370,22666.6860
1783058700000,1.7479,18136.9300,10376.3840
1783059000000,0.7162,8879.3390,12398.1510
1783059300000,0.9338,18862.9290,20199.5760
1783059600000,0.6920,23232.9890,33574.9950
1783059900000,1.4861,67762.7480,45596.2160
1783060200000,1.5833,28694.2750,18122.7340
1783060500000,0.8009,13923.5780,17385.6190
1783060800000,1.4890,15519.3020,10422.3320
1783061100000,2.0610,23995.5670,11642.4580
1783061400000,0.6334,15833.1970,24995.3270
1783061700000,0.9833,20139.8640,20481.8620
1783062000000,0.3817,16784.5600,43974.4380
1783062300000,4.5922,158601.5020,34537.2530
1783062600000,0.9592,26151.8190,27263.9850
1783062900000,0.6053,7916.8670,13079.3970
1783063200000,1.3175,7897.4650,5994.2210
1783063500000,3.1356,15414.0710,4915.7850
1783063800000,2.1133,35036.2910,16578.8540
1783064100000,0.6167,51084.2740,82838.3600
1783064400000,1.5275,37628.9230,24633.8140
1783064700000,2.0182,21919.4580,10860.7970
1783065000000,0.8349,13890.1800,16637.2450
1783065300000,0.3445,10306.5510,29913.1510
1783065600000,1.6331,26109.9230,15987.7900
1783065900000,0.9810,15687.2960,15991.4200
1783066200000,0.3660,5112.5720,13970.1690
1783066500000,0.4281,14302.3150,33406.2180
1783066800000,0.4457,14971.2600,33586.7740
1783067100000,0.6090,15261.8750,25058.7220
1783067400000,0.4358,13077.0730,30003.7480
1783067700000,1.3939,10112.3580,7254.7290
1783068000000,1.4812,14734.5340,9947.9840
1783068300000,0.8857,18154.5380,20498.2280
1783068600000,2.5672,16782.4770,6537.1560
1783068900000,0.3238,13519.8360,41754.0820
1783069200000,0.4529,5938.0970,13111.0130
1783069500000,0.6912,5991.5250,8668.0880
1783069800000,0.7975,8370.0810,10495.9370
1783070100000,0.6033,8208.6810,13606.2100
1783070400000,1.0228,8349.6490,8163.1850
1783070700000,0.5312,7485.1800,14089.9990
1783071000000,0.7327,12861.5270,17554.0240
1783071300000,3.6934,17396.1860,4710.0380
1783071600000,1.2096,8035.7620,6643.1260
1783071900000,1.0837,8224.7540,7589.6750
1783072200000,2.0253,11667.7970,5761.1520
1783072500000,0.7700,9312.0020,12092.8050
1783072800000,1.2851,5228.1470,4068.2290
1783073100000,1.5904,14074.2100,8849.5150
1783073400000,0.3151,3515.1950,11156.8170
1783073700000,1.0728,4836.8540,4508.5640
1783074000000,0.3267,4939.1650,15116.7440
1783074300000,0.3124,2458.3170,7868.8660
1783074600000,0.3776,12557.1180,33257.9730
1783074900000,1.1969,7256.8540,6063.1550
1783075200000,1.5956,13303.8810,8337.8450
1783075500000,0.6638,16355.0400,24639.4930
1783075800000,1.4829,7197.9240,4853.7910
1783076100000,1.5636,20177.9510,12904.9200
1783076400000,1.6951,101296.0670,59757.8760
1783076700000,0.6938,21225.4040,30592.4300
1783077000000,3.1000,24954.9470,8049.9980
1783077300000,0.9490,25466.8270,26834.8590
1783077600000,0.9256,15689.9460,16951.9000
1783077900000,0.9150,14739.2780,16108.0190
1783078200000,0.8845,36897.7740,41717.3230
1783078500000,1.9868,19114.7240,9621.0710
1783078800000,1.1437,15356.9170,13427.2310
1783079100000,0.6128,11820.9700,19291.3040
1783079400000,0.3404,6855.0370,20139.1390
1783079700000,0.6119,20978.0930,34284.8610
1783080000000,0.5227,19813.9960,37908.9310
1783080300000,1.2451,20636.6190,16573.8620
1783080600000,1.1127,15610.8930,14029.7820
1783080900000,0.6298,22218.8520,35281.7580
1783081200000,0.8941,60009.2570,67117.6790
1783081500000,1.1979,21561.9870,18000.3490
1783081800000,0.6812,20470.4180,30051.2850
1783082100000,0.7857,17074.4260,21730.9760
1783082400000,1.1861,20441.0770,17234.4210
1783082700000,0.9319,16800.3530,18028.7140
